SalesOrderNumber,Margine di profito,TotalSales
SO69565,-104.28,3576.39
SO69564,-291.99,16317.5
SO69563,-1025.41,30610.59
SO69562,-585.66,339
SO69561,5494.13,82754.43
SO69560,2839.13,31101.19
SO69559,-373.83,289.9
SO69558,-2471.48,77009.33
SO69557,437.32,2490.1
SO69556,71.01,1013.22
SO69555,-34.01,119.96
SO69554,-323.7,7133.65
SO69553,176.55,752.59
SO69552,666.14,5074.28
SO69551,-40.79,672.29
SO69550,-1254.54,41619.17
SO69549,-232.23,6450.67
SO69548,16.42,63.16
SO69547,9.68,37.25
SO69546,-210.4,8020.72
SO69545,-3015.02,63849.71
SO69544,-1531.85,35536.53
SO69543,-4.04,356.9
SO69542,-1085.4,26034.73
SO69541,-804.47,6039.75
SO69540,-929.78,44264.83
SO69539,-340.89,7564.15
SO69538,614.83,4881.19
SO69537,-31.46,1493.17
SO69536,1646.13,40637.97
SO69535,-4651.42,109694.44
SO69534,117.58,331.12
SO69533,3221.4,50673.91
SO69532,4263.71,54337.04
SO69531,-2532.91,112312.42
SO69530,-16.03,445.41
SO69529,-63.18,1522.36
SO69528,2444.22,34628.89
SO69527,-1229.78,27709.98
SO69526,-200.52,17817.92
SO69525,-1789.18,32445.36
SO69524,-68.36,1917.65
SO69523,-4.04,356.9
SO69522,-671.8,25457.87
SO69521,-1560.43,51216.13
SO69520,3786.05,50008.09
SO69519,-40.79,672.29
SO69518,3092.53,33669.6
SO69517,0.68,2909.75
SO69516,0.2,200.05
SO69515,-1918.87,35131.13
SO69514,-150.85,3708.5
SO69513,-757.66,20699.3
SO69512,-48.1,1336.23
SO69511,-786.65,48683.38
SO69510,629.07,3873.97
SO69509,-607.96,29149.07
SO69508,-5770.15,106267.61
SO69507,-42.91,6042.17
SO69506,-181.38,7099.56
SO69505,795.97,6150.85
SO69504,-418.95,13820.75
SO69503,-3064.62,61598.49
SO69502,-34.16,1815.15
SO69501,3097.31,35812.15
SO69500,-1075.38,1560.75
SO69499,-401.28,2192.83
SO69498,188.26,1544.95
SO69497,-6.13,21.56
SO69496,-4.04,356.9
SO69495,-23.05,2402.27
SO69494,8.21,31.58
SO69493,-279.92,5311.42
SO69492,-6.89,606.99
SO69491,-166.39,5058.33
SO69490,96.73,1054.93
SO69489,-49.9,964.67
SO69488,180.93,764.26
SO69487,-290.66,5175.82
SO69486,-19.66,323.99
SO69485,141.33,3354.19
SO69484,214.36,1964.65
SO69483,125.01,1376.99
SO69482,-571.37,20373.69
SO69481,-40.33,2780.78
SO69480,20.35,6078.44
SO69479,-829.27,25583.82
SO69478,-529.44,23913.07
SO69477,126.51,335.92
SO69476,746.49,3515.03
SO69475,-944.27,57072.7
SO69474,-560.02,9900.3
SO69473,-642.91,1935.88
SO69472,92.91,963.2
SO69471,466.21,95037.98
SO69470,-185.76,3061.77
SO69469,-40.79,672.29
SO69468,-1476.92,1797.15
SO69467,-198.48,11951.6
SO69466,-1384.21,32061.68
SO69465,-1333.57,31001.29
SO69464,3036.31,42038.22
SO69463,29.41,323.99
SO69462,-580.85,11013.38
SO69461,-1365.44,31964.27
SO69460,-968.2,18057.84
SO69459,18.95,72.89
SO69458,41.91,461.69
SO69457,-32.06,890.82
SO69456,2747.71,43087.67
SO69455,302.95,2076.5
SO69454,-2388.38,84176.05
SO69453,304.57,808.68
SO69452,112.52,3370.66
SO69451,-1352,50399.18
SO69450,-1699.5,35047.5
SO69449,-813.4,32640.51
SO69448,-922.91,18951.99
SO69447,2169.32,33789.74
SO69446,251.52,1712.91
SO69445,-285.56,6422.1
SO69444,2179.17,35676.38
SO69443,-689.14,13580.31
SO69442,2580.37,31256.78
SO69441,-3918.89,68203.12
SO69440,72.7,577.45
SO69439,38.15,436.9
SO69438,18.76,72.16
SO69437,6478.34,84650.96
SO69436,321,2181.2
SO69435,-786.9,26319.76
SO69434,2.02,2007.1
SO69433,-1305.2,60915.78
SO69432,94.8,649.1
SO69431,438.29,4298.93
SO69430,-630.89,11747.42
SO69429,-1785.02,32625.82
SO69428,83.82,923.38
SO69427,-4.04,356.9
SO69426,-2115.09,61243.71
SO69425,48.2,930.28
SO69424,200.13,752.56
SO69423,110.69,293.93
SO69422,4527.8,69672.05
SO69421,-503.29,26125.89
SO69420,188.26,1544.95
SO69419,569.73,3773.2
SO69418,34.62,24434.98
SO69417,-1774.3,33513.25
SO69416,-132.93,4011.18
SO69415,-443.79,12307.08
SO69414,-960.13,32910.64
SO69413,1036.15,26162.71
SO69412,-2975.46,61154.46
SO69411,-44.8,3793.14
SO69410,-700.96,19043.07
SO69409,-262.06,6979.54
SO69408,3723.42,49938.05
SO69407,-153.31,574.69
SO69406,-402.66,33171.99
SO69405,-323.05,5997.47
SO69404,781.03,5463.91
SO69403,-77.74,2159.35
SO69402,-4.04,356.9
SO69401,67.41,18310.85
SO69400,92.07,2870.86
SO69399,34.32,28806.1
SO69398,-30.33,868.83
SO69397,-548.61,26194.94
SO69396,-260.16,6187.18
SO69395,-32.07,890.82
SO69394,-1268.36,23316.11
SO69393,2965.1,32229
SO69392,52.46,387.9
SO69391,422.47,4256.94
SO69390,6.94,26.72
SO69389,720.66,5105.48
SO69388,-94.31,1255.69
SO69309,-23.13,81.54
SO67350,0.81,802.4
SO67349,-1472.03,36966.28
SO67348,2786.22,27319.3
SO67347,-936.33,27804.33
SO67346,-1084.73,41375.1
SO67345,0.58,509.31
SO67344,6.51,362.3
SO67343,-1288.44,36869.26
SO67342,-656.11,30634.92
SO67341,-4.04,356.9
SO67340,-40.79,672.29
SO67339,-402.47,23874.6
SO67338,-133.82,2402.42
SO67337,110.69,293.93
SO67336,-129.24,3589.79
SO67335,171.75,1912.3
SO67334,12.63,48.59
SO67333,-1636.46,30029.3
SO67332,-433.76,8344.01
SO67331,-279.84,5148.15
SO67330,79.77,702.21
SO67329,-191.66,7776.94
SO67328,-21.43,746.79
SO67327,-967.88,31161.81
SO67326,69.03,865.54
SO67325,-1371.98,34321.29
SO67324,-1098.71,57341.85
SO67323,-51.24,1806.55
SO67322,-1670.76,63235.52
SO67321,-1437.81,50354.84
SO67320,-2563.9,52815.08
SO67319,408.16,3173.88
SO67318,-279.4,5871.05
SO67317,-448.77,12916.78
SO67316,8406.32,82999.3
SO67315,-312.53,7268.5
SO67314,4390.07,42024.35
SO67313,70.72,809.76
SO67312,-236.9,6203.98
SO67311,-341.05,9473.46
SO67310,63.17,242.99
SO67309,-106.18,3638.3
SO67308,-276.74,3960.71
SO67307,13.96,84.43
SO67306,-232.24,6450.67
SO67305,-3812.53,116729.89
SO67304,-4414.49,58150.48
SO67303,50.52,194.36
SO67302,4409.45,44879.4
SO67301,6.94,26.72
SO67300,94.88,251.94
SO67299,596.42,4718.83
SO67298,-5657.13,102725.7
SO67297,6280.55,93103.86
SO67296,6.31,24.29
SO67295,6581.38,62850.08
SO67294,-2263.24,55535.81
SO67293,-98.25,4347.99
SO67292,-2898.51,52032.85
SO67291,111.41,1074.24
SO67290,-431.7,9654.77
SO67289,3580.46,35848.21
SO67288,-158.98,4393.55
SO67287,-3701.78,74592.23
SO67286,-353.24,11802.53
SO67285,14.72,429.06
SO67284,3137.34,31610.77
SO67283,201.85,592.71
SO67282,-520.78,26440.51
SO67281,8.21,31.58
SO67280,-3776.62,66483.06
SO67279,-842.05,42195.77
SO67278,-1852.51,64093.03
SO67277,2910.45,29534.12
SO67276,2849.17,27849.14
SO67275,55.42,569.16
SO67274,2391.41,22313.26
SO67273,4899.31,54080.35
SO67272,2549.58,24103.08
SO67271,-1607.87,32467.93
SO67270,-3383.27,58912.64
SO67269,40.45,376.24
SO67268,-1890.15,35533.44
SO67267,-73,5665.75
SO67266,6393.8,71155.63
SO67265,-65.78,1386.56
SO67264,-47.7,1736.33
SO67263,3815.41,39822.61
SO67262,-183.32,7501.59
SO67261,-939.15,29064.25
SO67260,3843.09,39459.09
SO67204,11.77,398.88
SO67203,-20.21,1784.5
SO65323,-16.03,445.41
SO65322,-357.53,6047.86
SO65321,56.62,439.85
SO65320,0.61,602.35
SO65319,4330.81,40349.67
SO65318,126.37,1391.99
SO65317,1.61,1604.8
SO65316,79.07,209.95
SO65315,2290.16,23773.94
SO65314,172.45,1502.96
SO65313,-38.07,1466.12
SO65312,4547.48,48296.15
SO65311,1550.94,13767.85
SO65310,-263.85,13083.92
SO65309,438.29,4298.93
SO65308,-88.94,1466.01
SO65307,-270.65,6654.72
SO65306,2200.36,22138.69
SO65305,110.69,293.93
SO65304,-51.5,1430.44
SO65303,5383.03,58248.96
SO65302,24.85,65.98
SO65301,4.06,10.78
SO65300,-89.29,1352.66
SO65299,204.99,2222.74
SO65298,9.68,37.25
SO65297,-26.24,728.91
SO65296,-194.35,5398.81
SO65295,-26.24,728.91
SO65294,125.01,1376.99
SO65293,-161.38,3129.86
SO65292,-211.31,3482.88
SO65291,252.74,2783.98
SO65290,126.03,1028.46
SO65289,19.36,74.5
SO65288,-233.21,6478.05
SO65287,8.03,453.24
SO65286,-615.59,17099.32
SO65285,-365.44,6139.71
SO65284,67.38,178.98
SO65283,439.78,3257.86
SO65282,-1497.19,52183.04
SO65281,-844.64,28262.28
SO65280,-601.48,28722.04
SO65279,135.15,1582.4
SO65278,-1761.8,37965.72
SO65277,-283.94,9197.11
SO65276,-59.27,1403.87
SO65275,-48.09,1336.23
SO65274,0.2,200.05
SO65273,1526.9,13030.1
SO65272,9.66,37.15
SO65271,-3278.22,55790.26
SO65270,204.08,1586.94
SO65269,3275.77,32995.69
SO65268,-1013.21,29320.61
SO65267,-399.37,11093.19
SO65266,8.21,31.58
SO65265,-19.66,323.99
SO65264,-348.61,6943.48
SO65263,4072.56,42553.17
SO65262,68.05,225.85
SO65261,-647.77,20177.21
SO65260,49.12,130.45
SO65259,-42.27,1174.32
SO65258,614.44,5095.86
SO65257,-1680.32,63653.33
SO65256,-250.49,4840.82
SO65255,-911.4,31295.09
SO65254,47.44,125.97
SO65253,-2435.35,33256.67
SO65252,-580.26,21026.96
SO65251,-75.19,2922.78
SO65250,-341.43,24912.16
SO65249,-514.4,8866.6
SO65248,-3421.64,58723.98
SO65247,-791.41,22856.96
SO65246,344.91,3005.92
SO65245,-775.71,28094.4
SO65244,-409.57,11376.69
SO65243,-422.6,17152.5
SO65242,-734.64,26092.98
SO65241,-884.56,29173.24
SO65240,19.07,218.45
SO65239,36.8,109.25
SO65238,-330.33,23205.44
SO65237,-3385.79,53693.53
SO65236,-429.16,19176.46
SO65235,2692.71,26765.51
SO65234,-1358.04,52755.94
SO65233,125.01,1376.99
SO65232,4104.84,39224.84
SO65231,-16.03,445.41
SO65230,19.36,74.5
SO65229,-161.59,4878.77
SO65228,2779.55,28953.26
SO65227,0.61,602.35
SO65226,-660.62,20478.45
SO65225,-40.79,672.29
SO65224,2563.61,26146.27
SO65223,6.31,24.29
SO65222,-16.03,445.41
SO65221,2447.26,24253.07
SO65220,-732.48,27686.54
SO65219,-88.94,1466.01
SO65218,-755.04,24598.26
SO65217,-88.94,1466.01
SO65216,-307.57,5108.34
SO65215,-2263.86,37520.52
SO65214,1.03,2.74
SO65213,1306.28,11999.03
SO65212,29.05,111.75
SO65211,-303.72,5005.71
SO65210,-416.45,14534.37
SO65209,1322.8,12552.07
SO65208,422.47,4256.94
SO65207,-604.47,36952.48
SO65206,5998.87,69040.82
SO65205,-1261.39,23396.09
SO65204,4.06,10.78
SO65203,-135.06,3751.7
SO65202,-322.72,6174.2
SO65201,-1689.51,53500.15
SO65200,5009.18,47079.56
SO65199,-1811.27,52587.08
SO65198,79.06,209.95
SO65197,-51.5,1430.44
SO65196,422.47,4256.94
SO65195,2782.93,29631.03
SO65194,-451.85,12551.01
SO65193,-88.94,1466.01
SO65192,-3.53,358.27
SO65191,-1368.14,56395.9
SO65190,-41.24,923.21
SO65189,-568.63,32765.81
SO65188,1623.79,15054.74
SO65187,-16.03,445.41
SO65186,45.17,119.96
SO65185,125.74,1225.41
SO65184,-354.63,10723.98
SO65183,-2017.22,36395.95
SO65182,-425.06,22227.84
SO65181,-170.99,2810.53
SO65180,939.81,8765.82
SO65179,-16.03,445.41
SO65178,-2307.45,39291.2
SO65177,-1850.91,41107.39
SO65176,-820.2,25622.25
SO65175,-1106.24,19600.05
SO65174,4816.53,45169.31
SO65173,-3707.18,65623.1
SO65172,-274.98,21439.33
SO65171,596.43,4718.83
SO65170,-303.85,5437.98
SO65169,3.15,12.14
SO65168,-541.26,20857.74
SO65167,-1057.1,19300.84
SO65166,6.94,26.72
SO65165,-161.3,4480.61
SO65164,2609.25,24805.06
SO65163,-1896.74,59234.78
SO65162,564.79,4634.85
SO65161,-157.9,4386.4
SO65160,-4531.01,53785.17
SO65159,1498.14,13573.57
SO65158,-1728.12,67837.87
SO65157,-583.59,22021.66
SO65156,-1796.75,30238.14
SO65155,3139.45,32798.29
SO65154,2563.91,26709.38
SO65153,-79.45,2428.47
SO65152,-658.42,11710.35
SO65151,28.7,76.2
SO65089,-88.94,1466.01
SO63293,-666.84,24818.37
SO63292,-88.94,1466.01
SO63291,6779.67,106448.56
SO63290,2694.59,26673.61
SO63289,640.86,6926.94
SO63288,-308.42,9183.66
SO63287,-24.01,937.74
SO63286,30.77,338.99
SO63285,-2555.73,47450.25
SO63284,-3227.21,108183.94
SO63283,3733.24,38585.97
SO63282,-2009.24,66375.6
SO63281,3441.77,36065.67
SO63280,2422,24142.32
SO63279,-1386.31,27078.8
SO63278,-58.31,1619.73
SO63277,-305.09,7678.88
SO63276,15.81,41.99
SO63275,15.81,41.99
SO63274,-4.04,356.9
SO63273,31.63,83.98
SO63272,-341.07,9473.46
SO63271,-165.48,3115.67
SO63270,429.54,4340.65
SO63269,566.68,5394.29
SO63268,379.47,3597.27
SO63267,-47.59,1337.6
SO63266,3772.81,39392.09
SO63265,41.91,461.69
SO63264,-200.14,3856.83
SO63263,-1093.29,21524.09
SO63262,-1626.6,27709.11
SO63261,-284.53,6708.72
SO63260,-73.66,1804.63
SO63259,-19.66,323.99
SO63258,-67.53,1875.85
SO63257,-3077.8,54368.16
SO63256,-25.63,1331.26
SO63255,188.27,1544.95
SO63254,-631.92,11546.57
SO63253,-19.66,323.99
SO63252,4376.92,46030.74
SO63251,2488.22,24666.9
SO63250,-19.66,323.99
SO63249,-1402.37,23564.85
SO63248,9.68,37.25
SO63247,-669.02,26884.59
SO63246,-519.63,10771.49
SO63245,2395.92,25106.6
SO63244,-270.3,9691.34
SO63243,-180.74,5020.23
SO63242,346.4,1964.85
SO63241,-1548.48,54904.34
SO63240,-719.58,25411.31
SO63239,-484.2,15360.67
SO63238,9.68,37.25
SO63237,-539.83,9477.88
SO63236,281.65,2837.96
SO63235,503.04,3425.82
SO63234,64.66,530.4
SO63233,-388.95,28644.02
SO63232,4.13,78.58
SO63231,-88.94,1466.01
SO63230,-361.47,10040.46
SO63229,188.27,1544.95
SO63228,-530.41,8974.55
SO63227,79.06,209.95
SO63226,15.81,41.99
SO63225,-626.32,22806.29
SO63224,-4920.52,81696.29
SO63223,-1560.22,39929.37
SO63222,-648.09,24673.5
SO63221,15.81,41.99
SO63220,-167.12,4642.52
SO63219,-315.44,9877.79
SO63218,-618.97,17193.53
SO63217,-915.93,28142.4
SO63216,4868.84,45559.17
SO63215,76.79,722.13
SO63214,2504.73,24495.52
SO63213,-3598.19,60118.73
SO63212,2315.73,23989.68
SO63211,-172.82,3472.37
SO63210,-2013.92,33632.76
SO63209,2338.66,23994.78
SO63208,126.37,1391.99
SO63207,110.69,293.93
SO63206,0.61,602.35
SO63205,61.3,162.81
SO63204,-1413.51,44660.75
SO63203,125.01,1376.99
SO63202,2159.43,21306.24
SO63201,-4387.07,73270.17
SO63200,2381.13,24027.06
SO63199,-38.53,1458.88
SO63198,376.52,3089.9
SO63197,70.73,339.59
SO63196,-101.24,1668.57
SO63195,-606.12,10184.23
SO63194,2983.08,29584.94
SO63193,1.94,404.21
SO63192,0.85,1159.09
SO63191,-570.24,9903.36
SO63190,19.07,218.45
SO63189,164.91,1702.87
SO63188,360.72,3047.91
SO63187,-40.79,672.29
SO63186,-15.83,645.46
SO63185,-51.5,1430.44
SO63184,40.87,108.54
SO63183,522.93,5531.73
SO63182,-747.49,21200
SO63181,-931.49,21969.43
SO63180,-1114.26,21533.98
SO63179,3740.68,38849.1
SO63178,580.61,4676.84
SO63177,-1351.38,44907.33
SO63176,-302.92,6415.69
SO63175,-1036.57,17628.55
SO63174,-834.33,25409.16
SO63173,-1338.35,26775.33
SO63172,-32.06,890.82
SO63171,-2365.97,73348.15
SO63170,3035.15,32316.91
SO63169,438.28,4298.93
SO63168,84.99,864.65
SO63167,-1050.12,19702.67
SO63165,-107.3,1530.79
SO63164,-103.98,2888.26
SO63163,-225.21,4142.02
SO63162,76.19,293.15
SO63161,79.06,209.95
SO63160,34.94,134.43
SO63159,329.08,2963.93
SO63158,360.71,3047.91
SO63157,5172.74,48531.93
SO63156,-729.3,24025.39
SO63155,-2116.35,35670.6
SO63154,-88.94,1466.01
SO63153,-387.68,11642.18
SO63152,-1037.95,32133.22
SO63151,596.41,4718.83
SO63150,-16.03,445.41
SO63149,5125.05,50499.5
SO63148,-384.12,22161.71
SO63147,12.62,48.58
SO63146,-210.65,4528.68
SO63145,-386.94,12057.99
SO63144,-203.39,3391.15
SO63143,28.44,90.58
SO63142,9.66,37.15
SO63141,276.96,4241.27
SO63140,-389.25,18455.38
SO63139,10.66,402.01
SO63138,-259.57,4746.77
SO63137,222.68,880.76
SO63136,-2074.92,37100.38
SO63135,-30.29,1663.41
SO63134,-259.18,7635.71
SO63133,-732.28,32837.33
SO63132,-1730.41,33904.23
SO63131,8276.54,87012.93
SO63130,-165.92,3870.21
SO63129,172.45,1502.96
SO63128,-383.12,19361.59
SO63127,-440.16,7879.03
SO63126,-123.84,2041.18
SO63125,821.26,8511.87
SO63124,-1950.47,32382.21
SO63123,1449.99,14478.05
SO63122,69.53,192.21
SO63121,63.26,167.96
SO63120,79.07,209.95
SO63119,19.07,218.45
SO61268,0.59,600.15
SO61267,-682.5,26693.71
SO61266,-694.59,13015.27
SO61264,-1263.07,25064.96
SO61263,-461.16,29632.9
SO61261,14.35,38.1
SO61260,-39.32,647.98
SO61259,-19.66,323.99
SO61258,-275.14,10879.08
SO61257,-584.46,9630.67
SO61256,63.26,167.96
SO61255,-309.98,8610.02
SO61254,-289.56,8043.02
SO61253,61.54,677.98
SO61252,-7.03,372.58
SO61251,-77.74,2159.35
SO61250,313.28,2921.94
SO61249,-1592.07,26203.7
SO61248,5341.45,51342.04
SO61247,-88.6,3263.31
SO61246,-99.94,1409.36
SO61245,-16.03,445.41
SO61244,-1206.18,54955.76
SO61243,-404.1,14607.89
SO61242,-131.55,2049.26
SO61241,-705.36,26298.58
SO61240,-361.34,13814.79
SO61239,2040.7,18775.26
SO61238,-968.59,22636.62
SO61237,-184.15,5115.31
SO61236,-754.45,13721.65
SO61235,-986.54,31850.38
SO61234,-602.81,10127.66
SO61233,6.31,24.29
SO61232,-519.4,14427.73
SO61231,68.22,181.16
SO61230,2683.81,26579.9
SO61229,2491.87,24338.64
SO61228,-832.24,22488.92
SO61227,-2934.98,57449.2
SO61226,-65.98,680.81
SO61225,-370.87,12485.39
SO61224,-1928.88,35379.24
SO61223,188.26,1544.95
SO61222,2076.2,21286.34
SO61221,-97.1,4443.72
SO61220,40.86,108.54
SO61219,-679.59,23752.37
SO61218,4208.75,41797.92
SO61217,2509.12,24995.11
SO61216,2925.16,28386.6
SO61215,-106.38,2843.87
SO61214,-285.53,4706.03
SO61213,-459,7565.12
SO61212,-290.54,8070.4
SO61211,2454.96,23456.87
SO61210,-545.3,14812.04
SO61209,2771.44,28194.08
SO61208,-335.24,9311.55
SO61207,195.73,2186.75
SO61206,15.81,41.99
SO61205,142.32,377.91
SO61204,-764.68,22748.36
SO61203,31.63,83.98
SO61202,485.73,4424.9
SO61201,314.77,1880.87
SO61200,-2680.02,71035.53
SO61199,4451.34,58015.27
SO61198,-19.66,323.99
SO61197,-388.92,7351.62
SO61196,2925.95,28038.4
SO61195,-2323.14,40282.33
SO61194,-46.58,3040.66
SO61193,-3326.44,56182.12
SO61192,252.74,2783.98
SO61191,0.61,602.35
SO61190,-858.2,37228.94
SO61189,-3565.4,61945.94
SO61188,-1373.33,49123.59
SO61187,24.85,65.98
SO61186,-1664.62,32743.4
SO61185,41.91,461.69
SO61184,-2937.39,94588.02
SO61183,-9.18,32.39
SO61182,5069.42,52741.13
SO61181,2920.1,30499.9
SO61180,-103.37,3490.61
SO61179,-2129.09,39248.14
SO61178,-163.16,2689.16
SO61177,2111.08,21131.78
SO61176,-88.94,1466.01
SO61175,-735.46,25882.64
SO61174,-352.13,6899.24
SO61173,2767.6,29140.5
SO59076,429.1,4331.32
SO59075,-384.79,35546.74
SO59074,-1403.69,36759.16
SO59073,-81.32,2492.27
SO59072,-16.03,445.41
SO59071,-2994.67,56122.75
SO59070,-24.76,2119
SO59069,29.41,323.99
SO59068,7158.46,68642.2
SO59067,-344.24,27288.58
SO59066,-447.99,24889.11
SO59065,104.48,1644.81
SO59064,7169.63,71938.95
SO59063,-2797.34,57815.8
SO59062,6.1,23.48
SO59061,-358,7385.83
SO59060,83.82,923.38
SO59059,-485.28,25137.3
SO59058,3766.67,37209.34
SO59057,302.19,2294.23
SO59056,9.68,37.25
SO59055,47.79,353.96
SO59054,-18.27,1558.24
SO59053,-35.54,125.35
SO59052,-0.19,734.79
SO59051,-4.59,404.66
SO59050,-301.07,5475.49
SO59049,-67.95,2227.31
SO59048,30.77,338.99
SO59047,12.63,48.59
SO59046,-6.34,559.23
SO59045,-129.24,3589.79
SO59044,-1677.57,63244.31
SO59043,-2.3,202.33
SO59042,348.04,3684.81
SO59041,-273.2,6784.26
SO59040,-1911.66,44859.98
SO59039,13.08,149.87
SO59038,-99.07,2518.23
SO59037,148.31,696.71
SO59036,-91.08,1715.54
SO59035,768.87,6221.79
SO59034,63.29,411.68
SO59033,280.65,915.48
SO59032,-140.86,2748.45
SO59031,-1173.11,46448.59
SO59030,5.09,441.91
SO59029,2043.23,19932.23
SO59028,-632.37,34591.68
SO59027,4073.79,39723.38
SO59026,62.79,2771.29
SO59025,-15.42,1047.76
SO59024,-181.72,5047.61
SO59023,3426.14,34703.8
SO59022,7.92,1830.53
SO59021,4303.58,44971.27
SO59020,-299.2,8835.83
SO59019,338.4,2077.06
SO59018,4134.02,40106.53
SO59017,241.36,2109.38
SO59016,-651.19,17744.2
SO59015,172.45,1502.96
SO59014,-915.56,15380.47
SO59013,3219.17,30540.85
SO59012,-475.47,52733.21
SO59011,-1344.84,33871.87
SO59010,4131.89,41011.42
SO59009,9.68,37.25
SO59008,-1444.37,53598.51
SO59007,6.63,1142.86
SO59006,406.44,3683.9
SO59005,4.23,16.27
SO59004,126.37,1391.99
SO59003,-70.32,3788.24
SO59002,-4.6,404.66
SO59001,49.84,1021.53
SO59000,18.95,72.88
SO58999,6.63,1142.86
SO58998,-4.04,356.9
SO58997,66.48,762.09
SO58996,-2079.19,35390.24
SO58995,-1828.39,35833.97
SO58994,6.31,24.28
SO58993,-606.38,27721.32
SO58992,538.86,3768
SO58991,-27.49,1920.47
SO58990,-51.5,1430.44
SO58989,-209.06,6632.87
SO58988,-224.1,4878.65
SO58987,-285.99,9709.98
SO58986,-4.04,356.9
SO58985,-159.3,3067.05
SO58984,-631.15,18959.56
SO58983,71.5,818.7
SO58982,-1195.36,21305.57
SO58981,3972.85,38411.61
SO58980,-2788.91,97647.65
SO58979,-450.25,21423.28
SO58978,830.76,7459
SO58977,-324.84,10074.05
SO58976,-298.38,10380.8
SO58975,3370.82,33623.53
SO58974,-1039.11,34755.98
SO58973,6.08,16.17
SO58972,8074.09,80840.97
SO58971,-309.37,37354.91
SO58970,-1502.05,27952.5
SO58969,992.79,9700.17
SO58968,-462.66,13938.85
SO58967,27.37,105.29
SO58966,-83.56,2321.26
SO58965,-406.91,12647.62
SO58964,19.07,218.45
SO58963,7861.52,77485.14
SO58962,-1580.58,56579.7
SO58961,-1252.82,55710.29
SO58960,610.73,5801.89
SO58959,2950.4,28856.73
SO58958,-851.03,56837.19
SO58957,3277.75,33361.63
SO58956,-1612.29,50668.97
SO58955,-205.99,5721.76
SO58954,-19.66,323.99
SO58953,-235.27,8180.97
SO58952,35.14,4335.29
SO58951,3350.06,32841.06
SO58950,-5315.5,71225.57
SO58949,814.8,7388.83
SO58948,-519.14,25385.84
SO58947,1.82,1807.05
SO58946,-1424.09,40971.25
SO58945,-120.01,3333.67
SO58944,3608.06,35636.56
SO58943,-4279.17,60412.43
SO58942,-102.16,2632.23
SO58941,-4.31,564.62
SO58940,1734.85,15345.15
SO58939,-32.06,890.82
SO58938,-103.41,3482.84
SO58937,-175.17,4557.35
SO58936,-16.03,445.41
SO58935,30.51,1414.73
SO58934,-230.19,11375.25
SO58933,-47.68,1279.28
SO58932,-2150.73,72303.87
SO58931,36.94,49113.91
SO58930,3702.46,39133.71
SO58929,265.42,2902.87
SO58928,3563.66,35757.92
SO58927,-2105.11,44270.03
SO58926,2583.14,25086.26
SO58925,-597.41,24805.77
SO58924,-360.79,26653.32
SO58923,9.68,37.25
SO58922,-172.95,27168.08
SO58921,-1881.62,34434.86
SO58920,-5393.43,85413.16
SO58919,-2050.41,52674.91
SO58918,6645.72,61232.47
SO58917,-312.63,6260.75
SO58916,-1025.65,19078.41
SO58915,-382.6,27568.2
SO58914,-3836.8,69893.77
SO58913,797.5,8387.91
SO58912,-19.66,323.99
SO58911,-1527.1,27499.74
SO58910,3590.36,36336.06
SO58909,-4047.51,74229.96
SO58908,-1658.2,71805.49
SO58907,-318.54,28421.24
SO58906,4065.41,43451.3
SO58905,4115.69,43243.19
SO58904,10.67,785.96
SO58903,40.21,3614.44
SO58902,75.8,291.58
SO58901,-60.68,1462.83
SO57190,-247.68,7405.39
SO57189,-88.94,1466.01
SO57188,2793.47,28343.11
SO57187,-585.68,18787.73
SO57186,10767.86,112299.77
SO57185,-891.34,28913.63
SO57184,846.43,7472.81
SO57183,-88.94,1466.01
SO57181,-4.04,356.9
SO57180,-2935.35,70859.25
SO57179,-428.25,8934.92
SO57178,488.72,3990.1
SO57177,-85.62,1701.48
SO57176,192.34,2245.47
SO57175,-61.92,1020.59
SO57174,-206,5721.76
SO57173,-62.31,3588.69
SO57172,-57.12,6037.45
SO57171,1.21,1204.7
SO57170,298.49,2897.36
SO57169,-19.66,323.99
SO57168,-2383.51,53901.42
SO57167,-26.24,728.91
SO57166,18.76,72.16
SO57165,13.84,158.43
SO57164,-773.01,15310.12
SO57163,13.08,149.87
SO57162,2479.89,26225.72
SO57161,-1366.07,28746.41
SO57160,-1605.55,28744.81
SO57159,-99.97,5872.63
SO57158,7.69,1331.79
SO57157,-1062.62,30687.52
SO57156,-77.74,2159.35
SO57155,710.4,6638.04
SO57154,-573.66,40517.91
SO57153,-308.26,6236.74
SO57152,550.22,6126.29
SO57151,-95.28,2025.24
SO57150,-3161.59,122285.54
SO57149,1174.23,10780.23
SO57148,491.14,5324.14
SO57147,583.45,5078.55
SO57146,71.5,818.7
SO57145,4444.09,44595
SO57144,3038.93,31339.26
SO57143,-3364.3,94024.38
SO57142,249.94,905.8
SO57141,-1832.2,43072.53
SO57140,65.76,583.6
SO57139,-208.68,5927.91
SO57138,2744.58,25604.32
SO57137,3371.15,33951.16
SO57136,-4342.67,86385.2
SO57135,534.48,5649.48
SO57134,-1723.42,32632.75
SO57133,-614.4,18144.63
SO57132,-808.47,40500.69
SO57131,-834.98,30407.53
SO57130,-590.31,28682.65
SO57129,94.77,805.78
SO57128,4123.98,40829.35
SO57127,-756.94,25600.72
SO57126,-996.06,25592.31
SO57125,-434.57,18408.51
SO57124,252.74,2783.98
SO57123,-109.11,4973.77
SO57122,-761.08,27722.06
SO57121,-2499.39,51378.84
SO57120,2995.56,28637.1
SO57119,-224.01,7317.57
SO57118,3186.25,30219.43
SO57117,-2.3,202.33
SO57116,-2.3,202.33
SO57115,-19.66,323.99
SO57114,-2.3,202.33
SO57113,-83.76,4465.53
SO57112,-2.91,232.66
SO57111,485.73,4424.9
SO57110,-342.61,5775.22
SO57109,545.95,5639.32
SO57108,30.77,338.99
SO57107,-154.49,4291.32
SO57106,250.28,1866.81
SO57105,8285.44,111498.09
SO57104,-243.67,5742.67
SO57103,-476.16,17844.39
SO57102,-19.66,323.99
SO57101,2.05,2568.86
SO57100,222,1117.22
SO57099,-974.02,53947.91
SO57098,737.66,4678.05
SO57097,-1740.38,35695.4
SO57096,-8.09,713.8
SO57095,-88.94,1466.01
SO57094,548.97,4592.86
SO57093,-1665.72,38991.51
SO57092,8.42,32.39
SO57091,590.44,6032.81
SO57090,15.81,41.99
SO57089,-40.79,672.29
SO57088,-1057.06,29131.57
SO57087,-556.49,19597.95
SO57086,4957.3,50027.99
SO57085,-1074.4,26886.08
SO57084,29.41,323.99
SO57083,-1066.07,28881.65
SO57082,-1118.17,23983.57
SO57081,305.17,2901.19
SO57080,4619.76,46762.93
SO57079,1113.7,10319.81
SO57078,13.84,158.43
SO57077,253.49,900.14
SO57076,-1326.93,26696.34
SO57075,-1452.08,50982.8
SO57074,-1065.54,37420.69
SO57073,673.97,5969.85
SO57072,233.95,2639.37
SO57071,51.98,595.33
SO57070,-909.99,18136.86
SO57069,-232.22,6672.94
SO57068,3428.51,33186.58
SO57067,4166.28,35788.74
SO57066,-23.13,81.54
SO57065,3684.18,34113.73
SO57064,-386.28,8436.4
SO57063,80.13,477.57
SO57062,-3604.83,62739.33
SO57061,7624.99,74367.57
SO57060,-161.64,3148.41
SO57059,-103,2860.88
SO57058,-507.53,21595.29
SO57057,710.55,5388.36
SO57056,357.05,2305.31
SO57055,-1961.29,33674.6
SO57054,-5604.95,94426.64
SO57053,-421.08,7519.32
SO57052,40.5,417.69
SO57051,-4345.42,75990.6
SO57050,533.17,4550.87
SO57049,10.67,785.96
SO57048,6.31,24.29
SO57047,12.63,48.59
SO57046,7803.06,73194.89
SO57045,-1625.09,49178.47
SO57044,397.23,3510.71
SO57043,-222.94,6917.43
SO57042,-2233.29,39988.61
SO57041,-2106.74,63878.72
SO57040,110.61,2225.6
SO57039,406.01,2679.27
SO57038,-277.01,5733.02
SO57037,4168.32,40447.3
SO57036,3591.4,37891.64
SO57035,-80,2936.77
SO57034,-4090,76571.05
SO57033,3.15,12.14
SO57032,-671.41,18243.47
SO57031,90.95,1001.97
SO57030,6620.55,63338.74
SO57029,-270.6,5562.72
SO57028,939.43,7909.92
SO57027,-133.97,7251.47
SO57026,-276.18,30381.35
SO57025,30.77,338.99
SO57024,-154.09,27089.1
SO57023,-2297.53,35218.6
SO57022,-54.57,3453.45
SO57021,-43.53,221.91
SO57020,-40.79,672.29
SO57019,-599.17,24430.33
SO57018,-38.2,1512.76
SO57017,-1526.54,27729.43
SO57016,-252.28,4937.41
SO57015,3377.16,33607.8
SO57014,12.63,48.59
SO57013,642.36,5885.87
SO57012,-2510.49,79958.57
SO55331,2985.63,31318.97
SO55330,309.1,3430.6
SO55329,-48.1,1336.23
SO55328,-559.94,31915.74
SO55327,-51.5,1430.44
SO55326,3.28,1118.46
SO55325,-1419.8,47522.98
SO55324,-1108.66,30988.29
SO55323,-1179.47,38600.26
SO55322,-940.52,28006.88
SO55321,-16.17,1427.6
SO55320,10.13,833.72
SO55319,41.51,475.29
SO55318,-26.69,696.57
SO55317,25.01,468.65
SO55316,54.24,144
SO55315,-129.24,3589.79
SO55314,878.07,7556.79
SO55313,-174.93,3845.25
SO55312,-49.97,704.68
SO55311,159.43,11598.46
SO55310,-458.21,9679.46
SO55309,-937.44,47814.4
SO55308,219.89,1628.93
SO55307,-340.54,11888.96
SO55306,64.24,1022.11
SO55305,-1581.68,26517.65
SO55304,-40.79,672.29
SO55303,-3832.43,63020.59
SO55302,-678.09,11532.55
SO55301,4654.76,46480.46
SO55300,-651.62,27486.95
SO55299,-1033.68,54459.34
SO55298,-16.8,1946.01
SO55297,8164.11,77452.06
SO55296,-12.99,2178.55
SO55295,-395.45,9378.59
SO55294,-1048.67,34168.94
SO55293,-304.06,9208.67
SO55292,6.31,24.29
SO55291,-1662.17,37477.18
SO55290,28.38,75.46
SO55289,13.84,158.43
SO55288,-291.55,5277.85
SO55287,3943.97,40621.64
SO55286,-91.76,3650.55
SO55285,-0.3,398.49
SO55284,-197.52,3406.75
SO55283,3653.99,35803.27
SO55282,-17025.94,166854.16
SO55281,30.86,518.35
SO55280,-3387.16,68404.35
SO55279,-19.66,323.99
SO55278,439.78,3257.86
SO55277,5755.4,57599.72
SO55276,-3127.34,74984.05
SO55275,6632.4,64715.83
SO55274,-19.66,323.99
SO55273,94.88,251.94
SO55272,-2.97,44.68
SO55271,159.28,1768.87
SO55270,-225.4,6806.3
SO55269,-2369.47,49863.02
SO55268,4326.38,39931.27
SO55267,28.54,109.78
SO55266,-74.9,3344.09
SO55265,-177.01,6695.67
SO55264,-2963.11,63986.25
SO55263,-238.72,9699.59
SO55262,2.04,373.07
SO55261,3044.18,29207.02
SO55260,1083.3,8267.16
SO55259,-786.01,29503.08
SO55258,-245.63,7154.24
SO55257,-4012.32,67687.05
SO55256,-974.68,45633.08
SO55255,65.71,677.67
SO55254,-4607.56,105239.01
SO55253,3711.06,35856.46
SO55252,3873.27,37835.19
SO55251,4160.31,41875.61
SO55250,360.19,4002.87
SO55249,5241.53,51438.63
SO55248,-1726.52,39605.36
SO55247,-171.51,4764.11
SO55246,27.37,105.29
SO55245,-4162.54,68250.5
SO55244,-193.37,5371.43
SO55243,-772.6,32712.41
SO55242,33.82,3605.18
SO55241,5925.37,60644.88
SO55240,-32.06,890.82
SO55239,3951.42,39810.48
SO55238,-330.44,7136.91
SO55237,18.76,72.16
SO55236,-670.99,25645.17
SO55235,51.99,595.33
SO55234,4571.64,48197.07
SO55233,-3353.92,61119.36
SO53625,309.37,2263.31
SO53624,-521.12,981.28
SO53623,-70.88,7798.62
SO53622,8.21,31.58
SO53621,11112.25,107105.49
SO53620,119.85,1215.57
SO53619,-118.56,967.99
SO53618,-1095.03,3786.61
SO53617,13.84,158.43
SO53616,-3896.06,69588.26
SO53615,-3621.67,26121.45
SO53614,6268.11,61267.75
SO53613,4603.67,43102.65
SO53612,13.94,1669.01
SO53611,340.27,1915.35
SO53610,0.81,802.4
SO53609,145.28,1523.27
SO53608,429.71,1937.16
SO53607,-781.72,15369.56
SO53606,4709.41,46742.02
SO53605,-12453.71,71108.02
SO53604,-27.96,1747.79
SO53603,-450.47,8785.82
SO53602,-57,710.36
SO53601,147.52,552.93
SO53600,339.83,3948.87
SO53599,2.13,1667.92
SO53598,78.39,3796.19
SO53597,-123.33,2042.55
SO53596,12.63,48.59
SO53595,926.1,6770.16
SO53594,19.96,1075.34
SO53593,-76.66,1034.35
SO53592,-1161.58,4822.9
SO53591,-61.92,1020.59
SO53590,-8058.92,65413.9
SO53589,114.7,1101.25
SO53588,14.28,54.94
SO53587,356.53,2224.27
SO53586,391.55,2760.24
SO53585,-75.12,2576.85
SO53584,555.69,3864.57
SO53583,5239.08,51394.9
SO53582,-664.95,10609.37
SO53581,-1436.46,3748.13
SO53580,3669.8,36443.46
SO53579,128.86,1254.04
SO53578,-232.03,10037.77
SO53577,-7058.33,45596.3
SO53576,4206.84,44080.64
SO53575,-71.43,2183.63
SO53574,299.22,1279.12
SO53573,9300.22,116813.4
SO53572,-999.02,2259.71
SO53571,-8721.95,52347.91
SO53570,-2273.22,63943
SO53569,-3193.69,26823.54
SO53568,-77.29,2615.84
SO53567,-4475.9,30705.09
SO53566,6281.92,63669
SO53565,-5748.79,31154.25
SO53564,1.03,2.74
SO53563,-3976.99,81432.79
SO53562,-3494.1,81489.17
SO53561,4888.69,48716.68
SO53560,-6919.45,56025.16
SO53559,-127.38,334.06
SO53558,-57.28,1249.64
SO53557,0.4,400.1
SO53556,-237.84,4027.27
SO53555,-126.77,936.41
SO53554,677.55,3671.72
SO53553,96.4,370.79
SO53552,1140.29,7585.87
SO53551,-6354.45,28629.62
SO53550,-521.81,10687.75
SO53549,-9.73,858.9
SO53548,-1731.92,33591.9
SO53547,-41.73,4321.22
SO53546,-1482.08,33869.8
SO53545,163.45,3650.28
SO53544,2.74,1574.44
SO53543,12.2,46.96
SO53542,880.82,5950.78
SO53541,-4452.58,31225.93
SO53540,-1722.46,8048.34
SO53539,-4634.1,18320.38
SO53538,-976.7,20607.69
SO53537,-230.96,1739.01
SO53536,4361.5,43387.53
SO53535,-28139.86,106905.36
SO53534,-288.37,12429.99
SO53533,-5066.63,26140.2
SO53532,-78.72,2186.73
SO53531,4037.44,38783.09
SO53530,-4442.65,76688.63
SO53529,4.23,16.27
SO53528,547.32,3928.37
SO53527,7149.79,74129.99
SO53526,-1496.89,34892.39
SO53525,-3741.42,24969.1
SO53524,-8943.83,56844.5
SO53523,689.15,3095.73
SO53522,-509.53,1336.24
SO53521,-77.88,1373.53
SO53520,-11108.97,50866.84
SO53519,-127.38,334.06
SO53518,8308.72,88242.92
SO53517,13.84,158.43
SO53516,-87.37,487.95
SO53515,6.94,26.72
SO53514,-10124.22,58895.12
SO53513,-14118.57,53039.06
SO53512,3383.72,33664.28
SO53511,116.15,552.91
SO53510,4231.69,44441.8
SO53509,244.57,3676.65
SO53508,-5327.06,36687.35
SO53507,-1156.47,4780.28
SO53506,-5980.07,106206.64
SO53505,3966.85,40738.92
SO53504,-45.38,2045.28
SO53503,619.16,4246.77
SO53502,-3574.63,33018.69
SO53501,6.09,1130.94
SO53500,-8580.21,43381.4
SO53499,2806.75,28195.33
SO53498,30.34,1912.43
SO53497,-6099.11,91028.8
SO53496,-1007.79,4132.85
SO53495,-243.45,4098.63
SO53494,28.54,109.78
SO53493,2709.63,23384.37
SO53492,-1711.28,18428.21
SO53491,-2.3,202.33
SO53490,-24.64,3483.35
SO53489,-1056.62,1907.26
SO53488,22.81,70.64
SO53487,-88.94,1466.01
SO53486,446.53,4949.67
SO53485,-9535.54,61457.46
SO53484,2893.95,28063.05
SO53483,-3991.88,62436.68
SO53482,229.96,1475.59
SO53481,12.92,242.39
SO53480,4342.76,44149.82
SO53479,63.79,225.61
SO53478,4144.53,39956.33
SO53477,-3777.7,26294.81
SO53476,-1835.94,13751.38
SO53475,-745.17,39785.15
SO53474,-4465.09,28431.49
SO53473,62.75,1665.38
SO53472,-3509.56,92642.85
SO53471,-1810.03,38495.93
SO53470,-12618.84,60716.85
SO53469,-1341.99,21536.44
SO53468,-5228.19,27269.27
SO53467,214.16,5696.34
SO53466,-29.39,1182.89
SO53465,9083,84829.22
SO53464,-2910.76,64154.37
SO53463,574.52,2910.7
SO53462,59.42,228.57
SO53461,-88.94,1466.01
SO53460,-9755.06,107034.08
SO53459,-3452.92,30487.63
SO53458,-16223.21,98517.05
SO53457,4220.64,47320.1
SO53456,-1365.38,26817.55
SO53455,3224.28,31642.5
SO53454,4016.53,40311.86
SO53453,0.2,200.05
SO53452,-6188.05,55289.53
SO53451,-179.86,1791.88
SO53450,8.11,21.56
SO51875,-9992.8,42550.24
SO51874,-1032.55,6898.46
SO51873,-18.63,326.73
SO51872,-4.04,356.9
SO51871,0.2,200.05
SO51870,-4.59,404.66
SO51869,6.94,26.72
SO51868,-2.3,202.33
SO51867,-678.37,5461.27
SO51866,-56.95,977.36
SO51865,51.46,514
SO51864,878.83,3918.24
SO51863,41.91,461.69
SO51862,375.03,4130.97
SO51861,-1809.1,11106.78
SO51860,-3317.32,71028.85
SO51859,-178.68,1964.55
SO51858,-26707.66,131627.89
SO51857,-18020.5,100922.17
SO51856,3557.87,33634.28
SO51855,-3228.8,72632.07
SO51854,6.94,26.72
SO51853,3675.62,35572.92
SO51852,566.43,4180.35
SO51851,-932.86,3862.55
SO51850,-7135.51,69330.52
SO51849,-333.5,10805.35
SO51848,-185.97,5986.65
SO51847,1002.11,9849.97
SO51846,-58.98,971.97
SO51845,4595.46,46468.5
SO51844,165.7,5074.73
SO51843,1343.72,9759.63
SO51842,-1877.16,44630.15
SO51841,8.97,32.11
SO51840,-254.77,668.12
SO51839,-1561.08,42935.35
SO51838,-1808.44,39403.53
SO51837,-8495.8,71611.43
SO51836,-1871.85,37414.61
SO51835,-2728.11,15147.26
SO51834,659.14,3560.51
SO51833,3190.57,30591.22
SO51832,4470.41,44223.87
SO51831,-909.83,20403.55
SO51830,-5439.86,112772.73
SO51829,-1286.07,10277.01
SO51828,-3146.85,66070.03
SO51827,-5290.75,24143.5
SO51826,-14579.67,76402.5
SO51825,5472.02,55933.62
SO51824,4838.23,53326.96
SO51823,-24926.76,107064.19
SO51822,10205.35,130409.95
SO51821,650.47,4542.92
SO51820,-105.3,4213.02
SO51819,923.73,7107.82
SO51818,3775.72,39731.43
SO51817,-92.98,1822.91
SO51816,-84.81,5195.84
SO51815,-3681.15,21769.68
SO51814,-15977.36,62771.4
SO51813,76.01,857.18
SO51812,877.72,5194.38
SO51811,-4.04,356.9
SO51810,-1800.9,46010.08
SO51809,4435.37,44062.26
SO51808,-531.63,1770.72
SO51807,-33.02,3669.51
SO51806,-2000.94,15136.82
SO51805,-528.31,953.63
SO51804,10.14,868.85
SO51803,-19.46,1717.8
SO51802,-205.42,3385.76
SO51801,18.76,72.16
SO51800,454,2675.1
SO51799,62.32,700.87
SO51798,-528.31,953.63
SO51797,8.21,31.58
SO51796,5.77,20.38
SO51795,-137.46,7632.83
SO51794,115.54,1323.41
SO51793,-878.72,31665.63
SO51792,71.5,818.7
SO51791,-1228.4,30032.14
SO51790,1565.5,15242.6
SO51789,-9986.52,64297.02
SO51788,11.06,29.38
SO51787,-9.73,858.9
SO51786,-1916.97,16524.52
SO51785,-174.25,2180.87
SO51784,-149.04,7407.69
SO51783,9710.33,107930.05
SO51782,0.51,1.37
SO51781,875.92,6857.58
SO51780,-11.88,10596.4
SO51779,16.61,63.9
SO51778,326.05,3055.85
SO51777,749.6,7262.16
SO51776,-2782.15,16794.78
SO51775,-1746.15,38552.13
SO51774,4727.69,47574.59
SO51773,-1437.13,35829.96
SO51772,-1709.38,43789.6
SO51771,-1394.05,34351.59
SO51770,-727.72,17236.91
SO51769,-3169.62,55917.29
SO51768,6.94,26.72
SO51767,38.51,748.13
SO51766,942.61,8126.32
SO51765,250.02,2753.98
SO51764,334.62,1630.36
SO51763,3885.16,40110.31
SO51762,-2529.07,46799.32
SO51761,-13704.99,105952.64
SO51760,-10309.05,45750.86
SO51759,-40.79,672.29
SO51758,121.75,1301.79
SO51757,144.28,756.33
SO51756,8.21,31.58
SO51755,-2238.5,41563.29
SO51754,41.91,461.69
SO51753,177.53,4672.35
SO51752,6044.91,57291.67
SO51751,6027.16,58634.95
SO51750,-1.96,691.51
SO51749,16.25,2751.6
SO51748,5449.61,53957.76
SO51747,179.66,1886.43
SO51746,-290.33,5467.17
SO51745,-3972.7,73438.94
SO51744,27.67,316.86
SO51743,2.36,2698.16
SO51742,691.53,3546.81
SO51741,-24.89,2969.55
SO51740,643.96,3495.44
SO51739,11247.76,111553.7
SO51738,0.2,200.05
SO51737,-308.03,6556.42
SO51736,342.29,2333.41
SO51735,-10589.8,88772.79
SO51734,-4777.15,85699.6
SO51733,-6769.51,31749.6
SO51732,-4.04,356.9
SO51731,359.91,2343.66
SO51730,-4.47,4464.54
SO51729,-1715.17,32904.5
SO51728,463.18,3106.84
SO51727,-9.73,858.9
SO51726,-5169.35,50891.8
SO51725,-78.64,1295.96
SO51724,-1317.61,9108.92
SO51723,448.22,3491.95
SO51722,-1797.37,38335.23
SO51721,9447.78,98093.27
SO51720,5383.47,51741.93
SO51719,-470.41,7465.51
SO51718,981.1,4754.07
SO51717,-661.71,14366.32
SO51716,-9386.62,55230.58
SO51715,3655.29,37573.36
SO51714,-3411.4,78790.2
SO51713,-19.66,323.99
SO51712,-4197.13,28821.6
SO51711,10517.16,101677.5
SO51710,-4333.29,19566.23
SO51709,65.3,173.39
SO51708,748.99,4004.8
SO51707,70.16,790.72
SO51706,-357.04,7728.15
SO51705,12.93,5219.72
SO51704,-5315.72,26053.17
SO51703,-2237.69,50840.12
SO51702,-22.84,1506.55
SO51701,-1082.86,2636.17
SO51700,179.12,4823.35
SO51699,-5528.82,23919.02
SO51698,-37.29,5835.88
SO51697,-4.04,356.9
SO51696,280.19,2006
SO51694,304.42,2061.53
SO51693,-1298.21,33973.69
SO51692,-40.79,672.29
SO51691,3369.67,32164.22
SO51690,249.79,3170.58
SO51175,8.11,21.56
SO51174,-127.38,334.06
SO51173,-682.29,1484.11
SO51172,-46.19,2636.68
SO51171,-87.57,3263.97
SO51170,-59.42,3711.95
SO51169,-16423.68,68659.76
SO51168,-131.5,23820.24
SO51167,90.57,1037.15
SO51166,18.76,72.16
SO51165,-1798.69,6119.73
SO51164,217.17,712.17
SO51163,-19.66,323.99
SO51162,-4.04,356.9
SO51161,-899.55,6010.55
SO51160,9773.3,98967.39
SO51159,50.52,484.6
SO51158,-49.95,2510.11
SO51157,4986.92,50775.52
SO51156,608.46,3840.06
SO51155,-1876.3,33801.92
SO51154,-2009.74,54531.09
SO51153,-5450.23,91052.57
SO51152,-1003.12,9541.56
SO51151,-3133.93,65265.78
SO51150,-5434.85,28324.72
SO51149,-354.58,6768.08
SO51148,-6868.36,43748.53
SO51147,-2287.94,57218.31
SO51146,-10059.71,53088.1
SO51145,-588.65,14616.46
SO51144,-36.11,7025.49
SO51143,-3045.3,59804.76
SO51142,-50.69,2232.84
SO51141,359.67,4009.58
SO51140,-2835.55,58363.8
SO51139,-62.43,8109.25
SO51138,-9299.34,36252.37
SO51137,4368.91,46420.32
SO51136,-39.32,647.98
SO51135,-321.4,5068.09
SO51134,-1635.15,5633.86
SO51133,-61.92,1020.59
SO51132,-8072.34,99783.95
SO51131,-30570.29,175753.58
SO51130,4382.34,40912.13
SO51129,798.99,5156.53
SO51128,234.37,1331.17
SO51127,6944.39,71356.87
SO51126,-23466.73,116784.79
SO51124,6902.85,77877.35
SO51123,-4633.1,93828.64
SO51122,-2866.01,60848.39
SO51121,-3832.95,79681.14
SO51120,5930.11,57180.3
SO51119,-1056.42,2107.31
SO51118,6.94,26.72
SO51117,-312.13,11650.5
SO51116,-78.51,5340.58
SO51115,252.74,2783.98
SO51114,-40.79,672.29
SO51113,-2776.02,11700.17
SO51112,-3759.86,28599.1
SO51111,3609.35,35178.88
SO51110,936.54,6913.49
SO51109,-11827.49,71690.22
SO51108,2586.21,24633.36
SO51107,22.76,187.12
SO51106,-10260.73,53953.38
SO51105,-3658.9,71514.57
SO51104,2941.08,29019.87
SO51103,264.38,2935.73
SO51102,3080.59,30410.42
SO51101,-1532.12,35028.44
SO51100,3396.89,35150.88
SO51099,-1834.51,5208.65
SO51098,-81.58,1344.58
SO51097,250.02,2753.98
SO51096,-4657.93,81787.78
SO51095,62.84,803.71
SO51094,-1798.87,6150.24
SO51093,13.08,149.87
SO51092,-1947.79,49721.69
SO51091,-427.11,5022.21
SO51090,7801.65,77499.46
SO51089,6973.03,74265.1
SO51088,3515.19,36907.22
SO51087,-1584.92,2860.89
SO51086,-19.66,323.99
SO51085,26.96,5840.76
SO51084,-3496.42,24004.49
SO51083,-1901.07,9195.05
SO51082,71.5,818.7
SO51081,3450.31,36828.1
SO50759,130.77,1252.25
SO50758,-82.5,4515.93
SO50757,152.13,1320.62
SO50756,4073.4,37658.57
SO50755,75.31,671.41
SO50754,-217.35,8256.59
SO50753,6132.32,52108.7
SO50752,99.11,1295.98
SO50751,187.07,1493.96
SO50750,311.5,2802.57
SO50749,3011.14,25585.04
SO50748,119.46,39339.3
SO50747,4722.3,36204.04
SO50746,-107.09,7654.32
SO50745,3692.02,33997.24
SO50744,349.72,2009.34
SO50743,3288.66,31207.05
SO50742,55.18,573.99
SO50741,38.13,508.39
SO50740,973.67,8961.46
SO50739,122.98,2458.57
SO50738,771.83,43698.67
SO50737,-85.43,2451.04
SO50736,-11.95,5835.63
SO50735,162.4,2003.71
SO50734,250.07,2232.81
SO50733,-66.38,2953.82
SO50732,24.33,324.45
SO50731,21.36,68.37
SO50730,64.07,205.11
SO50729,-52.78,1466.01
SO50728,5192.6,44624.06
SO50727,226.15,45943.71
SO50726,-645.14,96010.84
SO50725,241.77,4391.96
SO50724,2573.5,22106.94
SO50723,64.46,1531.7
SO50722,-262.85,49862.14
SO50721,1471.47,13975.97
SO50720,3144.74,27105.89
SO50719,110.72,425.86
SO50718,22,1416.92
SO50717,-62.49,2718.31
SO50716,4189.71,31691.6
SO50715,211.31,2817.84
SO50714,-16.92,469.79
SO50713,15.3,737.72
SO50712,-284.4,44541.82
SO50711,113.59,482.61
SO50710,8.41,784.2
SO50709,247.3,2458.92
SO50708,591.99,5311.49
SO50707,-63.92,3720.9
SO50706,-122.63,9913.42
SO50705,-256.25,10763.06
SO50704,292.96,12263.96
SO50703,103.85,58149.91
SO50702,3817.56,34930.43
SO50701,135.01,777.27
SO50700,27.35,181.69
SO50699,3245.15,28921.8
SO50698,2929.72,26439.98
SO50697,846.36,7866.76
SO50696,-78.08,47192.28
SO50695,46.88,418.52
SO50694,-380.54,95434.6
SO50693,4291.38,32210.25
SO50692,373.64,3715.16
SO50691,13.8,183.94
SO50690,247.3,2458.92
SO50689,-11.32,46260.6
SO50688,7208.46,58371.87
SO50687,3825.6,37150.2
SO50686,209.08,1502.94
SO50685,-90.71,6631.63
SO50684,872.73,7813.76
SO50683,44.57,105041.66
SO50682,4148.32,38777.8
SO50681,-345.17,37815.67
SO50680,138.32,1844.49
SO50679,28.97,386.27
SO50678,2123.24,16810.21
SO50677,-67.9,1910.3
SO50676,3947.63,34898.97
SO50675,4203.58,38382.43
SO50674,22.48,324.62
SO50673,221.74,41158.72
SO50672,653.45,79041.84
SO50671,-198.47,22994.88
SO50670,-0.05,523.78
SO50669,-3,3733.87
SO50668,7277.66,59518.47
SO50667,1228.09,11443.17
SO50666,29.49,94.37
SO50665,55.8,214.63
SO50664,-182.27,42463.9
SO50663,-268.64,88147.67
SO50662,3667.44,33980.44
SO50661,3284.93,29514.12
SO50660,7.12,22.79
SO50659,145.01,1297.83
SO50658,-219.92,6107.27
SO50322,7549.38,71630.67
SO50321,-499.55,44161.56
SO50320,-5.39,600.26
SO50319,92.84,780.72
SO50318,15.17,202.33
SO50317,-29.14,954.58
SO50316,761.92,6711.15
SO50315,283.71,18868.81
SO50314,-621.98,45674.34
SO50313,86.93,53096.92
SO50312,7155.11,68280.31
SO50311,320.94,25839.05
SO50310,6943.65,70067.49
SO50309,51.49,198.04
SO50308,297.13,2618.45
SO50307,247.62,3279.89
SO50306,4137.11,32266.59
SO50305,49.55,647.99
SO50304,-972.5,93032.29
SO50303,19.46,74.84
SO50302,1277.66,11715.22
SO50301,4347.67,42534.05
SO50300,18.2,604.87
SO50299,102.82,819.11
SO50298,-43.11,41637.5
SO50297,-857.1,103362.1
SO50296,-101.5,2818.74
SO50295,2874.66,25309.46
SO50294,3524.01,29991.2
SO50293,2417.85,22980.43
SO50292,4498.43,41211.53
SO50291,45.52,606.99
SO50290,-72.04,37329.33
SO50289,-1269.34,105310.23
SO50288,49.55,647.99
SO50287,13.8,183.94
SO50286,24.33,324.45
SO50285,73.65,283.24
SO50284,352.2,44805.47
SO50283,270.5,4974.15
SO50282,3812.85,33591.95
SO50281,-101.92,4507.63
SO50280,4045.06,33636.63
SO50279,119.74,453.13
SO50278,24.33,324.45
SO50277,-24.85,2551.46
SO50276,-235.74,11496.96
SO50275,558.63,5128.14
SO50274,188.12,2184.67
SO50273,83.36,744.27
SO50272,-308.32,44893.13
SO50271,-5.39,600.26
SO50270,8020.01,78178.46
SO50269,221.62,1731.35
SO50268,-17.4,527.47
SO50267,123.65,1229.46
SO50266,-89.33,5514.12
SO50265,-125.41,45840.77
SO50264,-35.23,3926.82
SO50263,3367.35,30252.33
SO50262,56.95,182.32
SO50261,621.46,5482.64
SO50260,-235.55,7651.72
SO50259,-144.69,46990.26
SO50258,13.02,170.73
SO50257,24.33,324.45
SO50256,-0.72,86.52
SO50255,14.06,45
SO50254,-16.92,469.79
SO50253,521.94,4017.12
SO50252,-909.19,95414.86
SO50251,140.5,540.39
SO50250,369.83,2993.09
SO50249,276.91,14251.54
SO50248,117.15,894.22
SO50247,123.65,1229.46
SO50246,214.76,26049.51
SO50245,414.12,31537.79
SO50244,-42.56,43180.87
SO50243,-347.87,20139.06
SO50242,512.46,36530.4
SO50241,47.98,153.56
SO50240,17.05,65.6
SO50239,235.59,1743.43
SO50238,49.84,159.53
SO50237,3802.93,30203.19
SO50236,3205.71,26844.75
SO50235,144.78,38464.45
SO50234,152.26,517.18
SO50233,427.91,3870.7
SO50232,-460.39,26254.31
SO50231,-103.55,45752.33
SO50230,48.6,8074.41
SO50229,261.54,2504.5
SO50228,3253.02,28292.12
SO50227,38.75,149.03
SO50226,1028.41,56191.31
SO50225,8146.31,67717.48
SO50224,435.39,4003.19
SO50223,179.13,1590.01
SO50222,-111.28,93694.22
SO50221,-367.28,44987.74
SO50220,-387.16,12417.16
SO50219,111.73,448.74
SO50218,4165.52,34110.07
SO50217,3514.95,32359.86
SO50216,179.83,1484.44
SO50215,400.77,3792.93
SO50214,-355.58,50702.01
SO50213,2885.44,26985.2
SO50212,744.8,6675.7
SO50211,-233.24,9795.05
SO50210,3863.41,36879.21
SO50209,3822.3,30242.63
SO50208,-331.4,94672.91
SO50207,82.45,736.15
SO50206,7096.17,59913.04
SO50205,-7.26,5255.26
SO50204,-810.93,97596.87
SO50203,-506.35,40060.02
SO50202,275.78,2550.08
SO50201,-67.67,1879.16
SO50200,-64.92,5605.2
SO50199,-312.51,23863
SO50198,372.29,3701.77
SO50197,-28.88,3218.14
SO50196,140.02,598.07
SO50195,3311.06,29654.23
SO50194,-50.75,1409.37
SO50193,669.43,6320.22
SO50192,51.39,5218.99
SO50191,-54.62,40517.88
SO50190,19.18,767.75
SO50189,3386.82,30041.95
SO49894,4186.3,40267.18
SO49893,364.42,31887.17
SO49892,-34.07,968.42
SO49891,548.73,42765.24
SO49890,-365.53,43033.52
SO49889,-145.77,7149.12
SO49888,-666.9,96605.72
SO49887,-62.46,3502.52
SO49886,-105.55,2932.02
SO49885,-21.24,4263.14
SO49884,-1725.87,98266.38
SO49883,28.11,89.98
SO49882,-0.48,57.68
SO49881,-11.74,1308.94
SO49880,54.91,339.73
SO49879,8855.75,78423.09
SO49878,69.66,4568.66
SO49877,3943.15,36459.67
SO49876,781.85,11816.55
SO49875,140.5,540.39
SO49874,38.13,508.39
SO49873,136.27,1269.84
SO49872,-5.39,600.26
SO49871,565.29,5292.89
SO49870,-496.18,57297.31
SO49869,4087.51,38664.07
SO49868,194,1516.16
SO49867,13.8,183.94
SO49866,16.57,123.28
SO49865,551.78,42619.98
SO49864,-354.22,45918.55
SO49863,33.74,107.98
SO49862,-83.39,4471.17
SO49861,206.2,1328.89
SO49860,3979.03,37997.61
SO49859,-83.94,2886.28
SO49858,-16.92,469.79
SO49857,14.06,44.99
SO49856,-1522.11,86572.92
SO49855,4538.98,36148.5
SO49854,54.97,669.09
SO49853,477.74,4030.23
SO49852,-201.71,6712.14
SO49851,4273.39,37240.03
SO49850,623.08,5373.12
SO49849,5074.74,49349.55
SO49848,6277.14,59277.12
SO49847,83.43,287.15
SO49846,30.85,249.54
SO49845,-152.25,4228.11
SO49844,-1346.48,75440.35
SO49843,8590.76,80588.88
SO49842,24.33,324.45
SO49841,222.82,43579.34
SO49840,-41.12,2131.87
SO49839,-105.4,7907.5
SO49838,-122.93,6016.6
SO49837,-1126.09,89596.15
SO49836,4909.78,45570.93
SO49835,66.7,213.52
SO49834,525.61,4336.79
SO49833,4314.76,39666.03
SO49832,3816.3,36211.31
SO49831,5545.13,48003.41
SO49830,96.69,458.77
SO49829,220.28,1691.3
SO49828,213.06,88444.35
SO49827,980.39,39298.77
SO49826,8033.72,73988.22
SO49825,3631.71,33604.42
SO49824,14.06,44.99
SO49823,-79.63,4226.44
SO49822,3833.7,32230.17
SO49821,-310.56,78174.79
SO49548,-236.84,6577.06
SO49547,249.99,2485.7
SO49546,35.6,113.95
SO49545,53.82,418.82
SO49544,74.49,405.59
SO49543,23.44,209.26
SO49542,268.66,2527.29
SO49541,4242.45,36603.09
SO49540,2061.03,17253.96
SO49539,400.77,3792.93
SO49538,-152.75,23382.97
SO49537,-16.92,469.79
SO49536,102.99,396.08
SO49535,15.17,202.33
SO49534,-253.75,7046.85
SO49533,3145.09,26460.99
SO49532,3966.94,40309.84
SO49531,-152.25,4228.11
SO49530,12.59,1633.39
SO49529,76.53,417.97
SO49528,167.03,803.02
SO49527,3447.29,34916.34
SO49526,-84.58,2348.95
SO49525,-50.75,1409.37
SO49524,442.15,3916.28
SO49523,139.74,22612.23
SO49522,156.35,1601.52
SO49521,3793.16,33205.13
SO49520,290.02,2595.66
SO49519,29.49,94.37
SO49518,60.88,31319.44
SO49517,-101.49,2818.74
SO49516,144.45,1317.69
SO49515,3123.51,29669.53
SO49514,7.12,22.79
SO49513,2714.29,25731.51
SO49512,1979.15,19309.78
SO49511,-84.59,2348.95
SO49510,-908.94,47083.99
SO49509,-2052.17,89758.34
SO49508,5.82,1376.48
SO49507,2697.34,26975.81
SO49506,53.6,823.07
SO49505,7.12,22.79
SO49504,-345.41,19662.59
SO49503,524.84,3372.38
SO49502,-716.91,41602.35
SO49501,5466.27,47277.08
SO49500,0.64,537.33
SO49499,3260.84,32712.33
SO49498,-727.99,57160.77
SO49497,-372.17,10335.38
SO49496,-819.02,43758
SO49495,2665.08,24248.31
SO49494,-182.47,18993
SO49493,-152.25,4228.11
SO49492,3277,32553.12
SO49491,13.8,183.94
SO49490,661.5,44311.37
SO49489,1257.35,11621.87
SO49488,-260.25,31541.43
SO49487,166.37,1366.2
SO49486,-152.26,4228.11
SO49485,-1395.87,86352.24
SO49484,2559.47,20587.34
SO49483,896.84,6125.12
SO49482,523.08,5009
SO49481,4703.13,36892.15
SO49480,-941.41,45661.89
SO49479,-966.2,80673.49
SO49478,-25.19,1833.89
SO49477,-253.76,7046.85
SO49476,-166.98,17725.07
SO49475,17.56,67.54
SO49474,248.64,2472.31
SO49473,171.96,13842.6
SO49472,1706.92,14819.61
SO49471,222.76,2525.44
SO49470,93.88,546.99
SO49469,34.57,667.83
SO49468,3540.27,36476.15
SO49467,3731.62,38254.32
SO49466,872.67,8629.01
SO49465,-651.43,41071.7
SO49464,3899.35,34217.99
SO49463,272.55,2539.68
SO49462,48.66,648.9
SO49461,56.95,182.32
SO49460,74.54,2186.54
SO49459,48.66,648.9
SO49458,51.49,198.04
SO49457,17.55,67.54
SO49456,31.51,624.73
SO49455,-16.92,469.79
SO49454,632.49,6192.88
SO49453,124.99,1242.85
SO49452,-11.74,1308.94
SO49451,290.02,2595.66
SO49450,3175.76,32730.16
SO49449,14.24,45.58
SO49448,137.89,1275.04
SO49447,33.74,107.98
SO49446,-490.58,13623.91
SO49445,-101.5,2818.74
SO49444,57.06,6509.25
SO49443,17.56,67.54
SO49170,457.68,4085.4
SO49169,-739.67,35380.52
SO49168,-10.61,489.98
SO49167,-1021.76,43394.31
SO49166,5377.56,56199.9
SO49165,-219.91,6107.27
SO49164,777.5,7490.71
SO49163,845.6,7735.99
SO49162,-33.83,939.58
SO49161,-1152.08,50262.82
SO49160,-884.87,50953.22
SO49159,236.05,10829.96
SO49158,-158.55,17782.15
SO49157,6828.38,66733.09
SO49156,208.15,3995.35
SO49155,-11.74,1308.94
SO49154,16.82,577.77
SO49153,268.66,2527.29
SO49152,2587.02,23096.93
SO49151,6435.94,62728.51
SO49150,173.2,1877.45
SO49149,2784.21,23585.93
SO49148,82.45,736.15
SO49147,-1430,82168.59
SO49146,2855.94,26597.09
SO49145,537.32,5054.58
SO49144,24.33,324.45
SO49143,51.49,198.04
SO49142,23.44,209.26
SO49141,-33.83,939.58
SO49140,390.7,20987.04
SO49139,-213.91,22820.72
SO49138,3335.37,33688.75
SO49137,-84.59,2348.95
SO49136,-1208.13,70164.3
SO49135,82.45,736.15
SO49134,530.2,5031.79
SO49133,-372.17,10335.38
SO49132,3254.74,31143.9
SO49131,36.82,141.62
SO49130,18.44,1416.86
SO49129,4746.61,43071.69
SO49128,-67.67,1879.16
SO49127,-1366,74204.73
SO49126,-389.09,10805.17
SO49125,2638.99,24252.07
SO49124,4010.54,38994.05
SO49123,-877.91,44129.9
SO49122,-456.75,12684.33
SO49121,152.13,1320.62
SO49120,21.36,68.37
SO49119,-287.59,7986.43
SO49118,-250.87,54017.28
SO49117,2685.26,24520.05
SO49116,-850.52,41513.05
SO49115,-105.17,20038.31
SO49114,3355.74,33016.07
SO49113,3024.68,25124.53
SO49112,537.32,5054.58
SO49111,-152.26,4228.11
SO49110,36.82,141.62
SO49109,-236.83,6577.06
SO49108,-50.76,1409.37
SO49107,19.46,74.84
SO49106,-501.17,15161.78
SO49105,2593.45,25187.47
SO49104,-860.41,44669.61
SO49103,-280.18,17494.36
SO49102,45.52,606.99
SO49101,3006.62,25503.08
SO49100,-579.86,17315.07
SO49099,-1475.13,78579.93
SO49098,124.99,1242.85
SO49097,517.3,4999.6
SO49096,689.45,6375.2
SO49095,5518.62,66728.71
SO49094,-1017.67,44603.81
SO49093,2417.33,22243.31
SO49092,2380.84,20053.9
SO49091,-773.57,43681.72
SO49090,-783.79,40433.21
SO49089,173.48,1388.99
SO49088,-203.01,5637.48
SO49087,24.33,324.45
SO49086,-934.78,42594.37
SO49085,2468.71,23124.22
SO49084,2658.33,24715.31
SO49083,123.65,1229.46
SO49082,17.1,672.24
SO49081,123.65,1229.46
SO49080,65.56,344.01
SO49079,-16.92,469.79
SO49078,2447.6,24617.19
SO49077,49.55,647.99
SO49076,-1846.18,79070.31
SO49075,23.44,209.26
SO49074,-81.48,20078.26
SO49073,304.26,2641.24
SO49072,1030.7,10532.32
SO49071,46.88,418.52
SO49070,-160.89,23623.35
SO49069,354.83,6123.05
SO49068,-405.99,11274.96
SO49067,124.99,1242.85
SO49066,111.89,22577.51
SO49065,-1081.36,42740.57
SO49064,773.63,8158.22
SO49063,49.84,159.53
SO49062,2979.7,25710.55
SO49061,3955.83,38306.24
SO49060,180.6,1411.78
SO49059,40.31,263.25
SO49058,194.11,38334.47
SO49057,-84.58,2348.95
SO49056,49.55,647.99
SO49055,7.12,22.79
SO49054,152.13,1320.62
SO49053,5477.35,48748.41
SO49052,-1801.15,88446.64
SO49051,124.99,1242.85
SO49050,31.36,251.48
SO49049,42.72,136.74
SO49048,-169.17,4697.9
SO49047,-10.61,489.98
SO49046,290.02,2595.66
SO49045,-253.75,7046.85
SO49044,77.13,404.87
SO49043,23.44,209.26
SO49042,-9.72,1839.3
SO49041,64.07,205.11
SO49040,2008.04,17259.8
SO49039,572.92,5168.53
SO48794,-16.92,469.79
SO48793,23.44,209.26
SO48792,-16.92,469.79
SO48791,-228.55,28063.06
SO48790,-61.35,1899.35
SO48789,-355.25,9865.59
SO48788,-1899.36,85919.65
SO48787,-152.26,4228.11
SO48786,322.37,22843.13
SO48785,-152.26,4228.11
SO48784,61.85,197.96
SO48783,-11.74,1308.94
SO48782,-16.92,469.79
SO48781,38.83,403.87
SO48780,-1214.84,46606.03
SO48779,298.47,2631.84
SO48778,6106.57,54444.82
SO48777,-135.33,3758.32
SO48776,2599.15,23264.48
SO48775,-744.02,39579.37
SO48774,420.79,3847.91
SO48773,-152.26,4228.11
SO48772,-152.25,4228.11
SO48771,59.27,30663.1
SO48770,3658.64,35818.99
SO48769,84.7,24016.32
SO48768,3136.69,32159.43
SO48767,2611.81,26717.5
SO48766,-182.94,36874.5
SO48765,203.32,1499.16
SO48764,-238.82,41665.5
SO48763,416.54,4802.25
SO48762,-101.5,2818.74
SO48761,224.17,29406.85
SO48760,2508.83,21705.37
SO48759,137.89,1275.04
SO48758,4435.96,40230.81
SO48757,6357.25,63880.21
SO48756,49.55,647.99
SO48755,2566.26,24993.6
SO48754,2989.74,24351.93
SO48753,3054.93,30333.69
SO48752,49.55,647.99
SO48751,-948.89,42079.39
SO48750,-203.2,54312.64
SO48749,-118.42,3288.53
SO48748,223.32,1548.52
SO48747,908.27,8742.96
SO48746,6904.2,71863.61
SO48745,1326.84,8874.41
SO48744,2379.86,18999.13
SO48743,70.32,627.78
SO48742,14.24,45.58
SO48741,-411.81,37019.86
SO48740,-1852.3,80856.95
SO48739,2145.63,20558.79
SO48738,-118.42,3288.53
SO48737,78.9,1393.99
SO48736,8.78,33.77
SO48735,-1866.24,80097.79
SO48734,2469.73,22956.22
SO48733,121.52,878.33
SO48732,52.44,414.43
SO48731,-253.75,7046.85
SO48730,3692.39,35989.59
SO48399,290.02,2595.66
SO48398,378.07,3711.17
SO48397,3490.8,30460.31
SO48396,3473.58,31548.53
SO48395,3620.79,32562.59
SO48394,249.99,2485.7
SO48393,-1302.89,97962.15
SO48392,514.82,50383.65
SO48391,392.31,3756.75
SO48390,-69.49,4296.18
SO48389,7925.79,72958.62
SO48388,56.95,182.32
SO48387,504.16,4069.25
SO48386,-210.85,51394.06
SO48385,-253.75,7046.85
SO48384,7660.76,67778.47
SO48383,350.97,2940.86
SO48382,5.34,20.52
SO48381,412.31,3045.55
SO48380,3595.93,33099.43
SO48379,271.39,1788.14
SO48378,90.52,42837.09
SO48377,-50.75,1409.37
SO48376,-50.75,1409.37
SO48375,3825.03,30038.99
SO48374,-151.2,7921.66
SO48373,4204.66,38235.67
SO48372,-0.88,107.28
SO48371,-83.3,4039.38
SO48370,3628.28,36234.29
SO48369,525.63,4425.79
SO48368,13.8,183.94
SO48367,24.64,2489.45
SO48366,-68.51,1981.25
SO48365,1057.31,10080.96
SO48364,80.5,3423.91
SO48363,505.62,51043.44
SO48362,71.59,275.38
SO48361,216.69,11084.54
SO48360,-318.84,11075.33
SO48359,-1204.43,80477.79
SO48358,21.36,68.37
SO48357,28.96,246.46
SO48356,3440.96,27258.31
SO48355,-0.56,70.36
SO48354,15.17,202.33
SO48353,177.38,1529.58
SO48352,-37.32,2283.82
SO48351,3853.08,36324.67
SO48350,3519.06,35310.01
SO48349,-329.39,54184.08
SO48348,575.47,4556.36
SO48347,5398.7,44305.37
SO48346,247.3,2458.92
SO48345,143.39,4049.64
SO48344,124.99,1242.85
SO48343,59.32,790.93
SO48342,874.96,8699.95
SO48341,8620.62,70065.3
SO48340,2820.76,26664.75
SO48339,-270.6,49713.07
SO48338,11.95,3839.73
SO48337,1344.62,12649.84
SO48336,622.54,100856.58
SO48335,73.73,983.15
SO48334,247.3,2458.92
SO48333,3699.58,33563.75
SO48332,-443.38,42866.43
SO48331,149.41,3457.97
SO48330,17.05,65.6
SO48329,-22.31,1070.05
SO48328,3317.7,30063.55
SO48327,152.04,3463.56
SO48326,138.43,1684.24
SO48325,-427.7,48509.86
SO48324,30.86,2451.13
SO48323,-118.49,3298.91
SO48322,-5.39,600.26
SO48321,3663.98,32208.32
SO48320,51.47,164.7
SO48319,499.98,4971.4
SO48318,3406.89,31311.39
SO48317,289.89,35416.88
SO48316,24.33,324.45
SO48315,65.23,250.84
SO48314,-86.49,4707.83
SO48313,1465.75,13301.4
SO48312,36,1152.08
SO48311,-120.96,79074.23
SO48310,100.73,24679.62
SO48309,-10.61,489.98
SO48308,75.93,3027.36
SO48307,201.05,87708.81
SO48306,9238.26,90166.94
SO48305,-5.39,600.26
SO48304,1353.1,12686.02
SO48303,6.31,24.29
SO48302,24.33,324.45
SO48301,14.06,44.99
SO48300,12.62,40.38
SO48299,4569.96,37656.24
SO48298,13.8,183.94
SO48297,854.58,7971.93
SO48296,-269.52,44080.82
SO48295,-130.34,79722.18
SO48294,249.99,2485.7
SO48293,3752.38,36285.41
SO48292,3771.25,35439.94
SO48291,82.45,736.15
SO48290,-257.56,9342.05
SO48289,59.81,635.81
SO48288,100.79,383.05
SO48287,51.49,198.04
SO48286,-203,5637.48
SO48092,61.17,235.27
SO48091,-11.74,1308.94
SO48090,10.17,7540.83
SO48089,6663.98,60898.29
SO48088,1138.24,11173.68
SO48087,-532.03,47836.77
SO48086,17.56,67.54
SO48085,-18.66,1141.91
SO48084,-22.31,3923.93
SO48083,802.39,6941.78
SO48082,123.65,1229.46
SO48081,-52.78,1466.01
SO48080,34.04,49789.01
SO48079,-387.8,43444.02
SO48078,247.3,2458.92
SO48077,65.77,39684.48
SO48076,6974.09,64550.52
SO48075,226.42,18768.96
SO48074,15.17,202.33
SO48073,65.15,10244.75
SO48072,437.71,3920.27
SO48071,3861.05,34271.37
SO48070,13.8,183.94
SO48069,7166.6,66454.88
SO48068,164.96,2526.56
SO48067,11.24,35.99
SO48066,3986.03,39130.17
SO48065,-293.47,79066.52
SO48064,23.12,88.93
SO48063,4673.67,36400.99
SO48062,1531.18,14288.65
SO48061,-33.83,939.58
SO48060,-50.75,1409.37
SO48059,-106.46,44241.67
SO48058,5.34,20.52
SO48057,-270.04,86679.36
SO48056,-23,59569.07
SO48055,-32.55,2014.24
SO48054,-101.5,2818.74
SO48053,4055.03,38319.8
SO48052,3084.11,24644.21
SO48051,4441.98,42754.96
SO48050,221.88,33644.32
SO48049,4472.84,41010.24
SO48048,-823.09,95133.84
SO48047,4.42,14.13
SO48046,26.15,325.89
SO48045,161.55,1153.8
SO48044,19.86,217.33
SO48043,-880.86,97455.47
SO48042,343.56,2143.82
SO48041,454.44,10151.68
SO48040,172.93,1503.21
SO48039,233.1,1720.8
SO48038,976.42,8234.19
SO48037,202.81,20859.9
SO48036,24.83,34847.68
SO48035,-474.53,52295.37
SO48034,-370.38,15617.63
SO48033,-94.75,47812.43
SO48032,235.52,2449.17
SO48031,4008.45,36535.37
SO48030,472.1,3258.97
SO48029,6.31,20.19
SO48028,4176.48,32765.37
SO48027,70.47,314.42
SO48026,-38.66,46280.71
SO48025,166.37,1366.2
SO48024,6.31,20.19
SO48023,-410.15,31255.99
SO48022,522.68,4038.84
SO48021,4032.21,35564.73
SO48020,-176.74,7573.92
SO48019,624.97,6214.25
SO48018,-317.69,44583.82
SO48017,4220.21,36319.51
SO48016,-54.22,44297.77
SO48015,394.95,3025.68
SO48014,23.44,209.26
SO48013,225.99,1998.42
SO48012,1094.88,51102.95
SO48011,-270.67,7516.64
SO48010,7610.45,66145.81
SO48009,847.19,7980.87
SO48008,197.91,654.75
SO48007,49.55,647.99
SO48006,-524.42,14563.49
SO48005,746.68,87999.85
SO48004,-300.86,44025.48
SO48003,41.29,242.25
SO48002,-43.34,4610.69
SO48001,4400.57,36401.58
SO48000,58.56,780.82
SO47999,3867.43,34148.34
SO47998,1205,11405.57
SO47997,481.84,4168.19
SO47996,4557.36,40134.58
SO47995,-255.53,14495.83
SO47994,-390.75,47221.28
SO47993,951.37,9138.32
SO47992,5112.47,43496.28
SO47991,3628.82,35296.39
SO47990,-996.52,100216.3
SO47989,8.96,7477.52
SO47988,-821.43,95370.28
SO47987,-52.31,1597.98
SO47986,9612.48,87942.32
SO47985,5.34,20.52
SO47984,245.86,5887.21
SO47983,-16.92,469.79
SO47982,17.55,67.54
SO47981,325.61,2709.61
SO47980,892.69,22672.22
SO47979,114.83,3554.62
SO47978,-393.48,23268.65
SO47977,-35.42,8206.5
SO47976,4160.56,40061.6
SO47975,12.97,49379.96
SO47974,7.86,642.65
SO47973,-66.42,47151.15
SO47972,387.84,3048.48
SO47971,-203.01,5637.48
SO47970,7422.09,72244.34
SO47969,896.72,8724.16
SO47968,73.98,273.1
SO47967,4304.68,38408.17
SO47966,-30.12,4940.74
SO47965,-288.9,49578.64
SO47964,112.44,2618.86
SO47963,530.2,5031.79
SO47962,4466.63,38499.6
SO47961,49.55,647.99
SO47960,1241.45,11547.3
SO47730,2845.83,26305.43
SO47729,24.33,324.45
SO47728,-11.74,1308.94
SO47727,23.44,209.26
SO47726,3277.88,28595.69
SO47725,561.57,43816.31
SO47724,214.76,48566.7
SO47723,-11.74,1308.94
SO47722,13.8,183.94
SO47721,203.73,52830.51
SO47720,430.24,43396.07
SO47719,-202.51,9845.07
SO47718,-165.69,86493.12
SO47717,-50.75,1409.37
SO47716,294.61,49019.5
SO47715,-7.1,3784.57
SO47714,115.51,3863.77
SO47713,17.56,67.54
SO47712,-1726.67,99759.07
SO47711,15.95,51.05
SO47710,13.8,183.94
SO47709,629.94,5360.11
SO47708,7698.85,66791.71
SO47707,84.34,269.94
SO47706,3459.16,29731.5
SO47705,201.94,18843.57
SO47704,48.66,648.9
SO47703,-73.98,6185.49
SO47702,791.74,7536.29
SO47701,678.7,6413.61
SO47700,4392.15,35153.06
SO47699,-202.35,6174.81
SO47698,7648,72950.2
SO47697,100.79,383.05
SO47696,6723.05,60544.87
SO47695,35.6,113.95
SO47694,-1464.69,72573.62
SO47693,3677.19,33133.92
SO47692,-45.2,3604.09
SO47691,12.62,40.38
SO47690,13.2,2960.12
SO47689,50.52,812.43
SO47688,249.99,2485.7
SO47687,-78.76,47238.5
SO47686,17.05,65.6
SO47685,5716.96,51208.9
SO47684,243.13,1692.38
SO47683,-1085.93,82582.57
SO47682,72.41,264.7
SO47681,3412.98,28880.06
SO47680,3214.64,29179.3
SO47679,96.06,348.7
SO47678,829.98,6919.17
SO47677,4792.75,41683.27
SO47676,2916.48,29481.97
SO47675,-334.45,47948.61
SO47674,-217.98,7719.26
SO47673,3236.69,30882.19
SO47672,22.08,70.65
SO47671,12.62,40.38
SO47670,1056.34,77490.23
SO47669,-183.96,9304.42
SO47668,705.56,44165.84
SO47667,332.62,2024.57
SO47666,7345.37,75293.89
SO47665,12.62,40.38
SO47664,4341.09,41414.92
SO47663,-271.79,74025.68
SO47662,4461.94,34688.79
SO47661,-16.92,469.79
SO47660,-16.92,469.79
SO47659,-70.94,5033.59
SO47658,-1489.74,99514.27
SO47459,648.41,6423.51
SO47458,6187.99,55607.39
SO47457,600.5,4950.81
SO47456,5415.79,48294.06
SO47455,106.33,112722.68
SO47454,3373.51,27463.28
SO47453,259.55,2269.26
SO47452,454.53,6066.42
SO47451,10515.89,102392.18
SO47450,74.89,65615.23
SO47449,1216.62,10719.31
SO47448,240.96,2112.54
SO47447,407.77,56817.65
SO47446,98.67,379.47
SO47445,303.51,1116.9
SO47444,347.44,9020.65
SO47443,1021.7,7619.54
SO47442,34.68,245.25
SO47441,9950.86,113726.58
SO47440,1054.04,8610.1
SO47439,966.55,59309.23
SO47438,6066.82,56590.49
SO47437,55.71,214.24
SO47436,168.48,17147.04
SO47435,5692.72,47901.73
SO47434,4309.34,37289.51
SO47433,28.48,91.16
SO47432,194.55,7200.14
SO47431,80.57,288.11
SO47430,-16.92,469.79
SO47429,118.47,1259.76
SO47428,136.69,2685.88
SO47427,3691.65,34400.79
SO47426,-11.74,1308.94
SO47425,119.82,3934.04
SO47424,1452.03,12625.05
SO47423,123.92,4262.9
SO47422,902.24,62639.96
SO47421,80.06,9146.64
SO47420,65.84,491.42
SO47419,-46.07,12931.14
SO47418,28.48,91.16
SO47417,5498.7,49342.2
SO47416,79.61,103862.16
SO47415,358.03,2779.91
SO47414,38.79,684.03
SO47413,4432.07,39384.66
SO47412,15.17,202.33
SO47411,4110.16,37498.36
SO47410,1863.08,15445.54
SO47409,654.84,61492.38
SO47408,131.3,1263.04
SO47407,261.23,2521.69
SO47406,357.69,4709.21
SO47405,58.56,780.82
SO47404,119.85,4868.64
SO47403,6605.51,54811.92
SO47402,1083.46,9680.12
SO47401,-16.92,469.79
SO47400,12459.77,103584.09
SO47399,2817.14,26560.53
SO47398,152.77,60281.19
SO47397,240.5,7962.56
SO47396,2321.92,19717.9
SO47395,-2516.15,148014.93
SO47394,3699.7,32926.83
SO47393,5.34,20.52
SO47392,24.33,324.45
SO47391,-431.08,74487.52
SO47390,58.56,780.82
SO47389,410.54,4356.87
SO47388,15.17,202.33
SO47387,4881.9,39972.08
SO47386,229.11,3613.63
SO47385,240.56,3147.57
SO47384,304.46,44013.55
SO47383,261.27,4493.55
SO47382,17.05,65.6
SO47381,81.84,602.7
SO47380,4815.9,44036.6
SO47379,16.87,53.99
SO47378,4350.48,39496.39
SO47377,-787.84,72689.31
SO47376,212.56,817.52
SO47375,-16.92,469.79
SO47374,3313.58,28923.05
SO47373,256.95,1674.69
SO47372,480.54,11476.38
SO47371,126.07,881.01
SO47370,38.75,149.03
SO47369,-2436.7,141523.24
SO47368,478.21,6700.1
SO47367,-30.85,26522.97
SO47366,1316.75,96589.19
SO47365,10252.45,89880.88
SO47364,13.8,183.94
SO47363,55.71,214.24
SO47362,1877.68,16427.78
SO47361,14.93,231.17
SO47360,64.79,784.05
SO47359,6283.45,50300.73
SO47358,197.94,2443.28
SO47357,1076.9,8057.67
SO47356,26.04,635.02
SO47355,692.26,130185.05
SO47354,111.34,51710.54
SO47353,4011.57,38836.84
SO47352,3756.45,35038.9
SO47351,654.02,11056.58
SO47350,-28.09,5717.09
SO47349,117.12,1561.64
SO47067,336.19,18105.38
SO47066,-326.69,57433.64
SO47065,6293.83,56091.1
SO47064,7.41,794.24
SO47063,247.3,2458.92
SO47062,2287.84,20513.47
SO47061,886.78,14630.81
SO47060,69.99,1628.6
SO47059,24.33,324.45
SO47058,111.38,2180.42
SO47057,2078.62,16239.54
SO47056,781.44,54130.24
SO47055,-4468.65,47402.94
SO47054,-985.73,42607.68
SO47053,1137.06,26628.06
SO47052,6655.3,59518.68
SO47051,5.34,20.52
SO47050,180.28,6803.66
SO47049,5173.76,46321.77
SO47048,-16.92,469.79
SO47047,1130.86,10085.46
SO47046,249.87,3981.86
SO47045,8073.22,72107.71
SO47044,51.6,180.09
SO47043,23.44,209.26
SO47042,5705.41,47430.9
SO47041,-1418.85,84873.67
SO47040,2660.78,22386.71
SO47039,3653.37,32903.06
SO47038,13.8,183.94
SO47037,1088.75,52083.99
SO47036,257.11,2508.49
SO47035,-7.1,2647.01
SO47034,-604.24,68026.84
SO47033,-1091.72,93894.38
SO47032,-561.35,5273.19
SO47031,3654.25,33233.61
SO47030,271.35,2554.07
SO47029,16.87,53.99
SO47028,4433.98,39992.73
SO47027,-1247.16,105374.95
SO47026,4319.31,41020.15
SO47025,685.13,17146.51
SO47024,5089.24,45845.38
SO47023,-11.74,1308.94
SO47022,-16.92,469.79
SO47021,208.31,1444.35
SO47020,115.97,869.69
SO47019,179.85,980.9
SO47018,-1763.08,107990.78
SO47017,46.83,180.13
SO47016,163.61,7804.47
SO47015,2355.49,19544.02
SO47014,88.64,340.98
SO47013,688.88,21209.66
SO47012,-1647.16,40697.64
SO47011,-560.83,16953.35
SO47010,23.44,209.26
SO47009,-480.84,49625.4
SO47008,669.51,58252.28
SO47007,354.83,4142.63
SO47006,4451.98,38625.9
SO47005,105.42,1316.17
SO47004,6352.74,53201.58
SO47003,2063.29,18202.69
SO47002,329.45,1256.62
SO47001,-1634.64,70152.36
SO47000,723.66,5894.96
SO46999,175.45,2371.3
SO46998,124.99,1242.85
SO46997,-1974.07,57999.12
SO46996,-706.67,63794.25
SO46995,-97.53,8591.09
SO46994,6299.14,54864.27
SO46993,6226.31,48755.73
SO46992,-521.06,58519.36
SO46991,1330.24,9803.56
SO46990,130.19,924.4
SO46989,175.69,2342.46
SO46988,-2421.33,80544.83
SO46987,10852.66,89388.44
SO46986,-881.71,6814.39
SO46985,573.94,3226.12
SO46984,831.44,5347.57
SO46983,-844.46,14936.91
SO46982,17.05,65.6
SO46981,-5489.58,149533.15
SO46980,-367.7,50382.77
SO46979,548.94,5662.29
SO46978,-251.81,234.9
SO46977,-6.35,4254.42
SO46976,943.33,7759.35
SO46975,38.75,149.03
SO46974,5311.2,40429.65
SO46973,778.63,6227.19
SO46972,4382.62,38189.01
SO46971,1798.06,15325.67
SO46970,378.39,50912.81
SO46969,4407.08,39373.21
SO46968,-257.98,16064.91
SO46967,5847.16,48577.58
SO46966,4331.03,40982.53
SO46965,-69.74,8594.21
SO46964,-328.98,86763.9
SO46963,-16.92,469.79
SO46962,249.99,2485.7
SO46961,24.33,324.45
SO46960,-175.16,10176.96
SO46959,-107.11,90454.32
SO46958,247.3,2458.92
SO46957,9290.61,75467.96
SO46956,50.98,4383.89
SO46955,1139.8,9625.01
SO46954,157.21,1485.88
SO46953,-2995.38,64355.38
SO46952,42.96,165.23
SO46951,-102.55,27892.36
SO46950,465.54,5495.99
SO46949,-23.09,4810.02
SO46948,126.4,49290.48
SO46947,4208.95,39070.76
SO46946,51.05,196.33
SO46945,98.67,379.47
SO46944,7863.82,77647.72
SO46943,324.3,8991.08
SO46942,727.5,4364.27
SO46941,839.79,7222.83
SO46940,205.62,52182.02
SO46939,24.33,324.45
SO46938,6005.42,53415.9
SO46937,8.78,33.77
SO46936,255.09,6891.55
SO46935,90.11,688.75
SO46934,-16.92,469.79
SO46933,-1027.2,47965.04
SO46932,498.17,3661.1
SO46931,5357.64,48300.39
SO46930,2174.73,16817.37
SO46929,6.31,24.29
SO46675,-420.56,5755.61
SO46674,24.33,324.45
SO46673,3356.06,28122
SO46672,-2946.52,64512.84
SO46671,-405.63,63097.71
SO46670,15.63,1438.84
SO46669,-3200.22,72634.5
SO46668,-780.74,59989.4
SO46667,312.87,14660.24
SO46666,-36.2,88920.24
SO46665,27.59,367.88
SO46664,234.49,15946.32
SO46663,-738.17,8818.58
SO46662,90.52,71187.4
SO46661,177.95,1524.53
SO46660,-5047.23,119414.82
SO46659,38.79,684.03
SO46658,600.23,4838.67
SO46657,10893.57,92891.75
SO46656,5.88,33.64
SO46655,4917.79,45064.25
SO46654,-239.01,7157.16
SO46653,189.95,2476.96
SO46652,-1299.94,43074.5
SO46651,1496.41,12145.52
SO46650,-873.83,3993.23
SO46649,1282.22,10491.49
SO46648,6616.51,57247.89
SO46647,8068.51,81042.24
SO46646,299.14,1155.77
SO46645,11145.07,101372.9
SO46644,-11.74,1308.94
SO46643,-4627.56,110830.04
SO46642,-1361.15,98012.93
SO46641,-16.92,469.79
SO46640,3530.93,33293.81
SO46639,-369.55,6626.02
SO46638,-591.59,61865.17
SO46637,23.44,209.26
SO46636,46.83,180.13
SO46635,186.93,2378.45
SO46634,-139.48,803.68
SO46633,6423.34,66143.27
SO46632,6.31,24.29
SO46631,1038.49,7409.29
SO46630,4088.14,35728.17
SO46629,-2241.27,99420.88
SO46628,49.55,647.99
SO46627,1789.17,13112.74
SO46626,4277.49,37250.76
SO46625,5627.56,45092.53
SO46624,3981.96,37667.98
SO46623,253.08,2278.15
SO46622,4271.46,42319.29
SO46621,-795.6,5898.7
SO46620,-615.96,50250.37
SO46619,22.49,71.98
SO46618,-0.72,86.52
SO46617,-952.12,4289.35
SO46616,-5829.91,153431.37
SO46615,354.17,7973.29
SO46614,285.52,72391.3
SO46613,342.75,2927.72
SO46612,128.12,1626.47
SO46611,7817.56,78454.98
SO46610,3928.2,36643.31
SO46609,175.45,2371.3
SO46608,5828.24,47449.43
SO46607,-1841.29,121037.09
SO46606,-0.48,57.68
SO46605,416.37,5956.64
SO46604,4253.82,37182.43
SO46389,-2124.31,1700
SO46388,33.97,2555.98
SO46387,-126.66,48117.87
SO46386,-11194.33,12343.26
SO46385,265.58,46414.7
SO46384,-15264.68,16940.14
SO46383,-19488.66,20581.6
SO46382,44.22,13673.81
SO46381,195.34,1429.4
SO46380,-54177.02,58422.7
SO46379,-5293.38,4392.25
SO46378,25.25,1677.84
SO46377,102.28,9853.84
SO46376,11.07,776.36
SO46375,4.76,356.9
SO46374,-15433.3,16189.42
SO46373,221.33,1619.52
SO46372,-41383.75,40638.63
SO46371,-12.8,903.63
SO46370,-34340.4,32355.7
SO46369,0.18,3962.24
SO46368,-33.23,23913.89
SO46367,-91.16,24278.01
SO46366,-9.61,6094.36
SO46365,-6339.38,5080.7
SO46364,-36740.69,40105.74
SO46363,-511.61,33516.87
SO46362,-15143.55,17762.28
SO46361,36.46,5529.91
SO46360,-11578.31,9480.62
SO46359,4.81,18802.64
SO46358,-238.36,60079.03
SO46357,13.02,8573.74
SO46356,-300.96,58977.11
SO46355,20.99,22996.55
SO46354,6.31,419.46
SO46353,-7384.7,5963.63
SO46352,-7396.02,5918.75
SO46351,4.93,3914.94
SO46350,5.41,3427.42
SO46349,63,4292.34
SO46348,-27206.31,32596.31
SO46347,15.97,1144.5
SO46346,-16940.07,13659.57
SO46345,-21384.25,23917.05
SO46344,-59.46,25738.27
SO46343,-72.87,29522.71
SO46342,-20745.86,20004.3
SO46341,12.46,25670.37
SO46340,-11.33,3887.94
SO46339,36.37,3014.66
SO46338,-25.86,19044.62
SO46337,13.45,955.2
SO46336,6.31,419.46
SO46335,4.76,356.9
SO46334,-56832.19,57018.54
SO46333,-118.26,50154.29
SO46332,-10594.65,8561.73
SO46331,-14.92,5664.52
SO46330,-14071.97,17283.57
SO46329,98.75,722.59
SO46328,98.75,722.59
SO46327,-14060.62,17270.93
SO46326,-130.96,29220.83
SO46325,-4.62,48748.84
SO46324,13.62,4310.75
SO46323,-4237.08,3428.5
SO46322,2.38,178.58
SO46107,3234.96,45725.45
SO46106,401.91,2907.46
SO46105,-174.32,56396.56
SO46104,6.31,419.46
SO46103,4301.62,65730.36
SO46102,632.57,10279.33
SO46101,-85.81,28097.08
SO46100,-111.36,47655.06
SO46099,122.11,14404.42
SO46098,3555.67,51340.97
SO46097,59.21,3256.64
SO46096,12.63,838.92
SO46095,122.85,9550.97
SO46094,4915.17,74719.66
SO46093,-66.62,26009.31
SO46092,98.75,722.59
SO46091,-35.45,22130.12
SO46090,5900.56,94303.73
SO46089,4637.37,73568.21
SO46088,1405.09,22497.21
SO46087,-60.83,24144.98
SO46086,-46.39,50794.21
SO46085,-10.81,3882.75
SO46084,2.71,1713.71
SO46083,106.27,12363.66
SO46082,3048.25,46519.08
SO46081,12.62,838.92
SO46080,888.22,14248.77
SO46079,385.31,6086.37
SO46078,209.42,1532.35
SO46077,2616.88,37779.33
SO46076,-245.3,62344.01
SO46075,12.62,838.92
SO46074,34.86,18206.62
SO46073,97.67,714.7
SO46072,4700.22,65160.66
SO46071,-37.69,20788.92
SO46070,10.11,758.08
SO46069,516.5,8232.22
SO46068,-40.38,23312.96
SO46067,7151.66,101857.11
SO46066,6651.18,100378.71
SO46065,762.33,12164.94
SO46064,23.91,22124.54
SO46063,-9.92,874.79
SO46062,27.3,39274.27
SO46061,889.22,14189.93
SO46060,3210.35,45492.43
SO46059,-149.76,29446.72
SO46058,-43.77,30181.74
SO46057,-61.63,62359.95
SO46056,7247.99,94326.84
SO46055,-44.25,30885.11
SO46054,35.05,8543.06
SO46053,3613.39,52874.45
SO46052,1521.47,24582.69
SO46051,2430.36,33074.26
SO46050,-21.95,2325.54
SO46049,-99.34,55740.76
SO46048,2240.39,33952.12
SO46047,3183.26,46396.66
SO46046,-9.92,874.79
SO46045,123.01,48909.61
SO46044,-96.37,29597.97
SO46043,60.86,19030.73
SO46042,-59.36,26119.05
SO46041,0.97,3471.83
SO46040,6.31,419.46
SO46039,1542.21,24424.08
SO46038,8.13,21702.08
SO46037,15.01,1017.5
SO46036,-101.66,30512.42
SO46035,782.64,12240.54
SO46034,-133.44,29936.36
SO46033,59.24,4716.15
SO46032,2152.28,30998.04
SO46031,-27.21,2175.8
SO46030,523.28,8164.16
SO46029,17.22,3016.5
SO46028,-95.14,26270.6
SO46027,2.53,3456.26
SO46026,2142.42,27802.91
SO46025,-12.99,2646.18
SO46024,910.48,14280.53
SO46023,380.69,6074.97
SO45815,2142.64,32222.04
SO45814,2318.33,33406.63
SO45813,237.59,32245.85
SO45812,29.47,6858.19
SO45811,2.53,3456.26
SO45810,54.96,31457.43
SO45809,-62.29,24087.52
SO45808,18.04,4266.34
SO45807,46.99,3524.04
SO45806,-13.26,2923.32
SO45805,-63.78,24604.66
SO45804,2561.78,40814.76
SO45803,63.98,9891.31
SO45802,28.94,22648.04
SO45801,3703.59,53423.46
SO45800,9.42,9867.99
SO45799,-46.49,27579.33
SO45798,-123.4,29494.05
SO45797,-101.87,29308.05
SO45796,3709.03,59103.18
SO45795,-159.83,35123.38
SO45794,49.33,11295.73
SO45793,-59.22,26685
SO45792,2218.07,31578.75
SO45791,27.95,3391.55
SO45790,-14.52,2882.72
SO45789,418.83,3064.7
SO45788,-13.53,2169.04
SO45787,660.35,10226.95
SO45786,-140.47,68985.52
SO45785,2549.64,40766.04
SO45784,-0.63,3762.24
SO45783,1760.42,26018.24
SO45782,2872.63,40710.04
SO45781,103.54,45943.76
SO45780,2309.17,31193.28
SO45779,1266.92,18031.59
SO45579,255.67,4079.98
SO45578,-10.81,3882.75
SO45577,-302.01,58704.14
SO45576,520.84,8219.94
SO45575,-15.5,29325.85
SO45574,2036.65,28078.51
SO45573,520.98,8158.46
SO45572,22.57,10701.72
SO45571,5995.23,78882.79
SO45570,2032.22,32429.84
SO45569,9.02,2133.17
SO45568,-61.86,15251.82
SO45567,-9.92,874.79
SO45566,-9.92,874.79
SO45565,2274.26,34558.11
SO45564,4226.75,62717.59
SO45563,435.07,4279.93
SO45562,-17.14,3463.29
SO45561,-103.44,25464.57
SO45560,3565.13,56967.04
SO45559,18.94,1258.38
SO45558,382.58,6104.97
SO45557,-191.93,32554.91
SO45556,196.07,22822.82
SO45555,4466.77,65725.81
SO45554,1645.3,25517.39
SO45553,4363.78,69241.8
SO45552,45.66,11136.77
SO45551,17.15,7274.3
SO45550,-176.71,54979.91
SO45549,-219.22,50762.71
SO45548,46,7657.89
SO45547,2574.12,40766.8
SO45546,768.81,12206.34
SO45545,9.04,8965.93
SO45544,27.95,3391.55
SO45543,9.82,735.76
SO45542,3815.74,56400.88
SO45541,13.44,69.22
SO45540,2696.81,42756.09
SO45539,1784.06,28469.86
SO45538,-59.99,21847.38
SO45537,253.79,4049.98
SO45536,-35.82,21442.97
SO45535,87.4,11256.85
SO45534,2586.46,37591.98
SO45533,18.93,1258.38
SO45532,77.89,6691.85
SO45531,18.04,4266.34
SO45530,8.16,20.19
SO45529,6959.36,97078.15
SO45528,-24.33,2146.96
SO45527,-245.74,54458.87
SO45526,386.25,6101.37
SO45525,17.15,7274.3
SO45524,2523.3,36045.87
SO45523,195.34,1429.4
SO45522,-185.43,28786.22
SO45521,1428.58,19227.01
SO45520,-79.47,31628.61
SO45519,254.74,4064.98
SO45518,763.27,12179.94
SO45517,-7.19,9421.26
SO45516,-85.69,19162.24
SO45344,-421.8,58114.54
SO45343,1685.41,20979.32
SO45342,3958.01,63037.49
SO45341,2189.83,34740.22
SO45340,15.34,2552.63
SO45339,-177.45,27763.77
SO45338,-382.1,57142.87
SO45337,-80.39,17669
SO45336,1930.02,27311.56
SO45335,1.62,14048.08
SO45334,3201.77,51137.32
SO45333,-16.79,4223.19
SO45332,-172.08,27877.4
SO45331,-53.97,20148.67
SO45330,-1.16,69.08
SO45329,4201.5,61800.89
SO45328,3954.84,63241.84
SO45327,766.93,12176.34
SO45326,-102.71,22730.77
SO45325,-7.22,2588.5
SO45324,12.63,838.92
SO45323,138.87,38694.97
SO45322,66.77,13637.94
SO45321,3836.5,61194.03
SO45320,646.52,10192.75
SO45319,892.04,14234.93
SO45318,2274.2,29962.75
SO45317,-275.03,61206.46
SO45316,126.9,2024.99
SO45315,3826.15,51062.28
SO45314,40.45,15022.53
SO45313,73.89,16789.1
SO45312,-13.79,2345.73
SO45311,1150.43,18296.31
SO45310,891.1,14219.93
SO45309,4.61,11924.19
SO45308,6252.87,85994.75
SO45307,1815.25,28547.05
SO45306,21.79,6112.41
SO45305,72.69,22912.8
SO45304,1273.66,20324.9
SO45303,1258.26,20405.64
SO45302,-74.76,22217.49
SO45301,148.56,26592.12
SO45300,6089.36,89704.12
SO45299,-9.19,20432.45
SO45298,19.34,15825.96
SO45297,4.51,6435.38
SO45296,1814.91,24242.85
SO45295,1029.09,16297.72
SO45294,2428.83,34284.24
SO45293,25.26,1677.84
SO45292,-2.88,28.84
SO45291,-291.94,54553.79
SO45290,2321.68,33469.83
SO45289,2880.26,39750.03
SO45288,131.78,29754.24
SO45287,6.31,419.46
SO45286,11.73,3846.88
SO45285,5.69,14919.29
SO45284,-163.61,30015.76
SO45283,-161.24,28395.19
SO45282,515.02,8156.36
SO45281,2.7,1713.71
SO45280,19.29,12755.87
SO45279,15.08,1022.86
SO45278,-178.6,29200.49
SO45277,-125.86,29534.94
SO45276,381.64,6089.97
SO45275,84.78,7166.69
SO45274,4200.35,66993.7
SO45273,2546.37,40634.8
SO45272,56.81,3775.14
SO45271,20.75,5980.05
SO45270,-132.93,28770.59
SO45269,126.9,2024.99
SO45268,12.62,838.92
SO45267,-17.13,3463.29
SO45266,1695.72,24509.77
SO45077,1527.34,18869.42
SO45076,506.06,8163.99
SO45075,783.98,12231.24
SO45074,73.46,24030.64
SO45073,6.31,419.46
SO45072,31.57,2097.3
SO45071,20.74,5980.05
SO45070,29.11,28091.4
SO45069,-167.62,24552.09
SO45068,9.02,2133.17
SO45067,-5.01,3091.87
SO45066,6.31,419.46
SO45065,-106.32,24025.02
SO45064,3311.46,53033.09
SO45063,28.87,11121.18
SO45062,-34.31,15842.63
SO45061,4590.39,73261.01
SO45060,-67.63,23946.5
SO45059,-171.54,31282.47
SO45058,59.52,5488.85
SO45057,-76.32,22233.06
SO45056,2437.92,38655.41
SO45055,-65.91,19742.78
SO45054,37.9,13254.35
SO45053,-45.35,19314.99
SO45052,1780.29,28409.86
SO45051,-0.9,3007.96
SO45050,436.01,4294.93
SO45049,34.9,1379.54
SO45048,391.79,6127.77
SO45047,-32.39,39661.44
SO45046,12.62,838.92
SO45045,897.6,14261.33
SO45044,-4.24,5056.75
SO45043,2043.65,32576.67
SO45042,2556.95,40648.3
SO45041,6.31,419.46
SO45040,6.31,419.46
SO45039,-81.13,27722.11
SO45038,2032.17,27123.61
SO44802,11.79,4811.54
SO44801,-193.2,48156.17
SO44800,1127.93,17107.46
SO44799,3016.97,40706.65
SO44798,2146.06,33438.72
SO44797,182.39,59951.35
SO44796,44.21,13673.81
SO44795,6828.76,104588.57
SO44794,253.79,4049.98
SO44793,9.02,2133.17
SO44792,2190.09,34754.81
SO44791,66.53,14494.42
SO44790,12.63,838.92
SO44789,11.07,776.36
SO44788,6159.74,86795.96
SO44787,3280.12,46173.64
SO44786,320.08,2342.11
SO44785,-14.42,144.2
SO44784,-8.77,2604.07
SO44783,1932.45,29614.19
SO44782,-98.29,29226.24
SO44781,5.79,424.65
SO44780,-64.48,25632
SO44779,2048.95,32572.64
SO44778,-151.65,42894.27
SO44777,7012.62,99501.86
SO44776,3151.71,47370.7
SO44775,-16.93,2203.07
SO44774,843.71,12456.61
SO44773,150.29,20847.98
SO44772,-278.12,67369.2
SO44771,-337.36,69681.68
SO44770,-31.71,10382.84
SO44769,2.45,183.94
SO44768,245.43,21596.3
SO44767,1927.37,30609.67
SO44766,264.89,4102.78
SO44765,28.2,5821.13
SO44764,9.02,2133.17
SO44763,44.75,3356.18
SO44762,6646.57,92836.48
SO44761,5657.38,82101.8
SO44760,-36.54,5202.64
SO44759,385.67,6135.91
SO44758,-34.14,25618.72
SO44757,2581.25,37591.57
SO44756,53.97,14008.64
SO44755,-58.43,28416.42
SO44754,74.73,10830.17
SO44753,31.29,2292.52
SO44752,-0.13,12962.47
SO44751,-6.71,477.88
SO44750,6862.25,88977.23
SO44749,-34.74,45851.79
SO44748,-9.92,874.79
SO44747,-32.74,10393.22
SO44746,894.71,14290.17
SO44745,2012.85,26171.91
SO44744,-118.98,29751.28
SO44743,2925.05,42254.49
SO44742,150.5,40150.87
SO44741,255.68,4079.98
SO44740,23.75,6641.13
SO44570,-243.16,58494.8
SO44569,2391.44,30635.47
SO44568,308.17,2254.94
SO44567,2935.46,46957.76
SO44566,2528.72,38308.8
SO44565,6.14,2162.01
SO44564,-209.71,34537.23
SO44563,-98.15,47716.9
SO44562,57.08,19237.29
SO44561,3040.72,42033.72
SO44560,12.49,936.66
SO44559,-15.86,17451.43
SO44558,12.63,838.92
SO44557,-136.76,28122.97
SO44556,2054.31,30593.86
SO44555,-108.28,30095.15
SO44554,98.75,722.59
SO44553,380.69,6074.97
SO44552,6725.18,97915.2
SO44551,2622.03,41097.57
SO44550,-74.28,28672.97
SO44549,3074.02,49037.75
SO44548,6.31,419.46
SO44547,-481.18,69178.06
SO44546,-19.84,1749.58
SO44545,29.6,9855.77
SO44544,1492.04,20980.14
SO44543,4.9,367.88
SO44542,1014.5,16259.84
SO44541,3190.06,50827.04
SO44540,2707.38,38638.7
SO44539,199.8,1450.88
SO44538,-111.38,57804.97
SO44537,-5.77,57.68
SO44536,98.75,722.59
SO44535,-47.91,23590.84
SO44534,5110.7,86452.09
SO44533,95.8,19499.82
SO44532,-24.33,2146.96
SO44531,-28.29,22817.59
SO44530,7387.13,104959.79
SO44529,6.31,419.46
SO44528,7056.09,108783.37
SO44527,391.79,6127.77
SO44526,-76.31,16506.1
SO44525,-60.18,41473.93
SO44524,261.65,4082.08
SO44523,4909.4,74395.61
SO44522,-110.12,26149.23
SO44521,-9.98,26112.23
SO44520,115.2,57700.29
SO44519,-24.33,2146.96
SO44518,7195.65,127099.79
SO44517,-18.39,24901.86
SO44516,6.31,419.46
SO44515,78.16,5492.2
SO44514,2968.41,42563.59
SO44513,3127.98,43520.08
SO44512,25.25,1677.84
SO44511,635.85,10160.14
SO44510,-19.84,1749.58
SO44509,87.53,43615.49
SO44508,63.12,4194.6
SO44507,2963.22,39244.22
SO44506,147.78,35651.1
SO44505,2371.71,34977.99
SO44504,60.97,19985.82
SO44503,-2.96,3028.72
SO44502,14.4,17871.44
SO44501,18.95,19669.41
SO44500,59.76,4710.96
SO44499,764.62,12170.64
SO44498,17.1,15432.47
SO44497,17.39,1195.82
SO44496,-156.14,29797.13
SO44495,259.35,4076.38
SO44494,-63.04,28557.88
SO44493,38.39,6476.11
SO44492,4703.45,67458.84
SO44491,5.41,3427.42
SO44490,47.11,3389.71
SO44489,667.43,10292.93
SO44488,-153.61,32857.4
SO44487,2870.56,41868.83
SO44486,8.76,603.4
SO44485,253.79,4049.98
SO44484,526.53,8184.86
SO44483,-1.93,3018.34
SO44482,6.31,419.46
SO44481,1656.47,26367.35
SO44319,2265.82,34250.31
SO44318,1389.95,21091.94
SO44317,177.21,33919.18
SO44316,55.79,3785.52
SO44315,10.91,2597.04
SO44314,-13.53,42088.82
SO44313,-55.76,26037.01
SO44312,31.56,2097.3
SO44311,6.2,7349.96
SO44310,2.45,183.94
SO44309,-111.91,27612.41
SO44308,812.11,12372.77
SO44307,54.94,7758.14
SO44306,191.99,18648.7
SO44305,1385.13,18881.96
SO44304,2569.65,37499.47
SO44303,2.3,5.7
SO44302,-24.33,2146.96
SO44301,-143.51,29479.38
SO44300,-6.41,7802.88
SO44299,-193.02,31624.75
SO44298,-72.57,27666.45
SO44297,639.8,10231.46
SO44296,-120.46,32383.13
SO44295,19.37,9475.53
SO44294,4144.45,62073.54
SO44293,-8.77,23983.73
SO44292,4.89,3432.61
SO44291,616.33,4509.88
SO44290,11.72,3846.88
SO44289,261.65,4082.08
SO44288,206.03,43803.21
SO44287,1026.78,16292.02
SO44286,3.63,5538.51
SO44285,4152.62,57740.93
SO44284,5576.53,87873.83
SO44283,-82.94,43846.6
SO44282,2915.65,40341.04
SO44281,6.31,419.46
SO44280,-5.77,57.68
SO44133,-18.99,25686.51
SO44132,253.79,4049.98
SO44131,1340.8,20514.27
SO44130,2449.71,35410.92
SO44129,-146.41,55699.78
SO44128,1173.46,18542.17
SO44127,6715.64,91014.6
SO44126,903.56,14263.43
SO44125,-8.76,2604.07
SO44124,79.94,15439.07
SO44123,-9.92,874.79
SO44122,254.74,4064.98
SO44121,4634.14,64713.82
SO44120,2000.58,26967.08
SO44119,3148.67,49096.05
SO44118,5.41,3427.42
SO44117,-2.45,12907.76
SO44116,1279.22,20351.3
SO44115,4770.62,66848.27
SO44114,40.63,33478.92
SO44113,2793.92,40510.23
SO44112,2033.16,32444.84
SO44111,15.18,11641.34
SO44110,128.07,16667.35
SO44109,32.5,13837.1
SO44108,-13.53,2169.04
SO44107,53.56,16185.44
SO44106,6.31,419.46
SO44105,386.25,6101.37
SO44104,255.68,4079.98
SO44103,52.91,3814.36
SO44102,-3.24,3513.94
SO44101,-79.81,9794.64
SO44100,5221.14,81594.75
SO44099,-111.04,12499.43
SO44098,1059.28,16374.98
SO44097,87.11,6035.86
SO44096,509.46,8129.96
SO44095,2927.17,42340.98
SO44094,255.67,4079.98
SO44093,13.57,10680.75
SO44092,34.01,4075.05
SO44091,53.85,4492.73
SO44090,9.68,6654.72
SO44089,31.57,2097.3
SO44088,6.31,419.46
SO44087,-39.15,5007.72
SO44086,5754.58,73761.44
SO44085,18.42,20644.27
SO44084,509.46,8129.96
SO44083,-10.41,1362.31
SO44082,127.84,2039.99
SO44081,2739.6,37536.93
SO44080,4.61,11.4
SO44079,140.12,25706.54
SO44078,2030.16,28045.27
SO44077,19.82,6105.33
SO44076,255.68,4079.98
SO44075,1663.14,26446.97
SO44074,12.1,844.11
SO43917,-69.78,21356.15
SO43916,2641.35,39450.74
SO43915,253.79,4049.98
SO43914,518.69,8152.76
SO43913,2359.84,36724.06
SO43912,28.06,13078.28
SO43911,73.9,19734.89
SO43910,14.8,19411.93
SO43909,1986.37,25493.26
SO43908,-25.34,2561.54
SO43907,125.98,14660.34
SO43906,2062.28,32983.64
SO43905,21.24,9880.27
SO43904,-13.43,11361.27
SO43903,8.16,20.19
SO43902,4028.93,52803.34
SO43901,1446.56,22717.57
SO43900,2193.33,34628.23
SO43899,-23.28,11942.58
SO43898,-10.99,51060.59
SO43897,3291.57,51234.96
SO43896,29.04,4345.83
SO43895,2328.7,32459.9
SO43894,2057.55,32492.54
SO43893,6.31,419.46
SO43892,23.96,16544.56
SO43891,2052.62,32569.04
SO43890,5166.19,75191.8
SO43889,121.13,2082.67
SO43888,-25.97,14432.8
SO43887,6.31,419.46
SO43886,-20.82,17358.03
SO43885,27.64,68.4
SO43884,7189.09,116248.31
SO43883,-13.58,18320.69
SO43882,126.9,2024.99
SO43881,2455.04,38822.32
SO43880,-20.39,15479.54
SO43879,156.12,21720.07
SO43878,255.68,4079.98
SO43877,1313.44,20628.55
SO43876,36.89,7135.27
SO43875,6881.78,122743.91
SO43874,6.31,419.46
SO43873,114.5,41250.48
SO43872,-29.17,11584.47
SO43871,62.88,9398.93
SO43870,31.94,4316.99
SO43869,3415.28,49193.88
SO43868,-24.33,2146.96
SO43867,2488.23,32672.99
SO43866,259.35,4076.38
SO43865,29.38,13196.07
SO43864,2698.43,38474.28
SO43863,2.18,1718.9
SO43862,2283.65,31000.71
SO43861,104.85,23401.17
SO43860,-18.34,10993.39
SO43859,-13.69,3911.59
SO43858,22,13694.35
SO43857,22.67,7186.55
SO43856,131.51,2036.39
SO43855,83.57,10993.37
SO43854,-19.84,1749.58
SO43853,1651.53,26354.87
SO43852,126.9,2024.99
SO43851,59.82,6783.79
SO43850,-22.2,10183.79
SO43849,1284.66,20544.67
SO43848,1144.89,18269.91
SO43847,-13.32,908.82
SO43846,11.67,919.53
SO43845,-20.2,8580.09
SO43844,1268.96,20249.9
SO43843,2402.47,32940.08
SO43696,6.31,419.46
SO43695,2684.53,39373.69
SO43694,1317.74,20645.62
SO43693,1312.43,20541.38
SO43692,-31.2,38510.9
SO43691,-9.92,874.79
SO43690,15.03,1297.6
SO43689,129.04,33997.39
SO43688,-15.48,12718.08
SO43687,18.94,1258.38
SO43686,-17.13,3463.29
SO43685,17.78,2736.57
SO43684,-8.12,5596.46
SO43683,2724.04,42813.38
SO43682,8.85,3875.72
SO43681,60.96,13787.57
SO43680,34,11397.53
SO43679,13.17,1316.06
SO43678,80.1,9799.96
SO43677,24.49,7793.14
SO43676,899.78,14203.43
SO43675,52.17,5716.33
SO43674,-29.75,2624.37
SO43673,76.82,3746.23
SO43672,395.45,6124.17
SO43671,0.99,8128.79
SO43670,389.48,6122.07
SO43669,97.67,714.7
SO43668,94.73,35944.19
SO43667,388.55,6107.07
SO43666,null,5056.49
SO43665,null,14352.76
SO43664,null,24432.56
SO43663,null,419.46
SO43662,null,28832.52
SO43661,null,32726.44
SO43660,null,1294.25
SO43659,null,20565.6