SalesOrderNumber,TotalSales
SO69565,3576.39
SO69564,16317.5
SO69563,30610.59
SO69562,339
SO69561,82754.43
SO69560,31101.19
SO69559,289.9
SO69558,77009.33
SO69557,2490.1
SO69556,1013.22
SO69555,119.96
SO69554,7133.65
SO69553,752.59
SO69552,5074.28
SO69551,672.29
SO69550,41619.17
SO69549,6450.67
SO69548,63.16
SO69547,37.25
SO69546,8020.72
SO69545,63849.71
SO69544,35536.53
SO69543,356.9
SO69542,26034.73
SO69541,6039.75
SO69540,44264.83
SO69539,7564.15
SO69538,4881.19
SO69537,1493.17
SO69536,40637.97
SO69535,109694.44
SO69534,331.12
SO69533,50673.91
SO69532,54337.04
SO69531,112312.42
SO69530,445.41
SO69529,1522.36
SO69528,34628.89
SO69527,27709.98
SO69526,17817.92
SO69525,32445.36
SO69524,1917.65
SO69523,356.9
SO69522,25457.87
SO69521,51216.13
SO69520,50008.09
SO69519,672.29
SO69518,33669.6
SO69517,2909.75
SO69516,200.05
SO69515,35131.13
SO69514,3708.5
SO69513,20699.3
SO69512,1336.23
SO69511,48683.38
SO69510,3873.97
SO69509,29149.07
SO69508,106267.61
SO69507,6042.17
SO69506,7099.56
SO69505,6150.85
SO69504,13820.75
SO69503,61598.49
SO69502,1815.15
SO69501,35812.15
SO69500,1560.75
SO69499,2192.83
SO69498,1544.95
SO69497,21.56
SO69496,356.9
SO69495,2402.27
SO69494,31.58
SO69493,5311.42
SO69492,606.99
SO69491,5058.33
SO69490,1054.93
SO69489,964.67
SO69488,764.26
SO69487,5175.82
SO69486,323.99
SO69485,3354.19
SO69484,1964.65
SO69483,1376.99
SO69482,20373.69
SO69481,2780.78
SO69480,6078.44
SO69479,25583.82
SO69478,23913.07
SO69477,335.92
SO69476,3515.03
SO69475,57072.7
SO69474,9900.3
SO69473,1935.88
SO69472,963.2
SO69471,95037.98
SO69470,3061.77
SO69469,672.29
SO69468,1797.15
SO69467,11951.6
SO69466,32061.68
SO69465,31001.29
SO69464,42038.22
SO69463,323.99
SO69462,11013.38
SO69461,31964.27
SO69460,18057.84
SO69459,72.89
SO69458,461.69
SO69457,890.82
SO69456,43087.67
SO69455,2076.5
SO69454,84176.05
SO69453,808.68
SO69452,3370.66
SO69451,50399.18
SO69450,35047.5
SO69449,32640.51
SO69448,18951.99
SO69447,33789.74
SO69446,1712.91
SO69445,6422.1
SO69444,35676.38
SO69443,13580.31
SO69442,31256.78
SO69441,68203.12
SO69440,577.45
SO69439,436.9
SO69438,72.16
SO69437,84650.96
SO69436,2181.2
SO69435,26319.76
SO69434,2007.1
SO69433,60915.78
SO69432,649.1
SO69431,4298.93
SO69430,11747.42
SO69429,32625.82
SO69428,923.38
SO69427,356.9
SO69426,61243.71
SO69425,930.28
SO69424,752.56
SO69423,293.93
SO69422,69672.05
SO69421,26125.89
SO69420,1544.95
SO69419,3773.2
SO69418,24434.98
SO69417,33513.25
SO69416,4011.18
SO69415,12307.08
SO69414,32910.64
SO69413,26162.71
SO69412,61154.46
SO69411,3793.14
SO69410,19043.07
SO69409,6979.54
SO69408,49938.05
SO69407,574.69
SO69406,33171.99
SO69405,5997.47
SO69404,5463.91
SO69403,2159.35
SO69402,356.9
SO69401,18310.85
SO69400,2870.86
SO69399,28806.1
SO69398,868.83
SO69397,26194.94
SO69396,6187.18
SO69395,890.82
SO69394,23316.11
SO69393,32229
SO69392,387.9
SO69391,4256.94
SO69390,26.72
SO69389,5105.48
SO69388,1255.69
SO69309,81.54
SO67350,802.4
SO67349,36966.28
SO67348,27319.3
SO67347,27804.33
SO67346,41375.1
SO67345,509.31
SO67344,362.3
SO67343,36869.26
SO67342,30634.92
SO67341,356.9
SO67340,672.29
SO67339,23874.6
SO67338,2402.42
SO67337,293.93
SO67336,3589.79
SO67335,1912.3
SO67334,48.59
SO67333,30029.3
SO67332,8344.01
SO67331,5148.15
SO67330,702.21
SO67329,7776.94
SO67328,746.79
SO67327,31161.81
SO67326,865.54
SO67325,34321.29
SO67324,57341.85
SO67323,1806.55
SO67322,63235.52
SO67321,50354.84
SO67320,52815.08
SO67319,3173.88
SO67318,5871.05
SO67317,12916.78
SO67316,82999.3
SO67315,7268.5
SO67314,42024.35
SO67313,809.76
SO67312,6203.98
SO67311,9473.46
SO67310,242.99
SO67309,3638.3
SO67308,3960.71
SO67307,84.43
SO67306,6450.67
SO67305,116729.89
SO67304,58150.48
SO67303,194.36
SO67302,44879.4
SO67301,26.72
SO67300,251.94
SO67299,4718.83
SO67298,102725.7
SO67297,93103.86
SO67296,24.29
SO67295,62850.08
SO67294,55535.81
SO67293,4347.99
SO67292,52032.85
SO67291,1074.24
SO67290,9654.77
SO67289,35848.21
SO67288,4393.55
SO67287,74592.23
SO67286,11802.53
SO67285,429.06
SO67284,31610.77
SO67283,592.71
SO67282,26440.51
SO67281,31.58
SO67280,66483.06
SO67279,42195.77
SO67278,64093.03
SO67277,29534.12
SO67276,27849.14
SO67275,569.16
SO67274,22313.26
SO67273,54080.35
SO67272,24103.08
SO67271,32467.93
SO67270,58912.64
SO67269,376.24
SO67268,35533.44
SO67267,5665.75
SO67266,71155.63
SO67265,1386.56
SO67264,1736.33
SO67263,39822.61
SO67262,7501.59
SO67261,29064.25
SO67260,39459.09
SO67204,398.88
SO67203,1784.5
SO65323,445.41
SO65322,6047.86
SO65321,439.85
SO65320,602.35
SO65319,40349.67
SO65318,1391.99
SO65317,1604.8
SO65316,209.95
SO65315,23773.94
SO65314,1502.96
SO65313,1466.12
SO65312,48296.15
SO65311,13767.85
SO65310,13083.92
SO65309,4298.93
SO65308,1466.01
SO65307,6654.72
SO65306,22138.69
SO65305,293.93
SO65304,1430.44
SO65303,58248.96
SO65302,65.98
SO65301,10.78
SO65300,1352.66
SO65299,2222.74
SO65298,37.25
SO65297,728.91
SO65296,5398.81
SO65295,728.91
SO65294,1376.99
SO65293,3129.86
SO65292,3482.88
SO65291,2783.98
SO65290,1028.46
SO65289,74.5
SO65288,6478.05
SO65287,453.24
SO65286,17099.32
SO65285,6139.71
SO65284,178.98
SO65283,3257.86
SO65282,52183.04
SO65281,28262.28
SO65280,28722.04
SO65279,1582.4
SO65278,37965.72
SO65277,9197.11
SO65276,1403.87
SO65275,1336.23
SO65274,200.05
SO65273,13030.1
SO65272,37.15
SO65271,55790.26
SO65270,1586.94
SO65269,32995.69
SO65268,29320.61
SO65267,11093.19
SO65266,31.58
SO65265,323.99
SO65264,6943.48
SO65263,42553.17
SO65262,225.85
SO65261,20177.21
SO65260,130.45
SO65259,1174.32
SO65258,5095.86
SO65257,63653.33
SO65256,4840.82
SO65255,31295.09
SO65254,125.97
SO65253,33256.67
SO65252,21026.96
SO65251,2922.78
SO65250,24912.16
SO65249,8866.6
SO65248,58723.98
SO65247,22856.96
SO65246,3005.92
SO65245,28094.4
SO65244,11376.69
SO65243,17152.5
SO65242,26092.98
SO65241,29173.24
SO65240,218.45
SO65239,109.25
SO65238,23205.44
SO65237,53693.53
SO65236,19176.46
SO65235,26765.51
SO65234,52755.94
SO65233,1376.99
SO65232,39224.84
SO65231,445.41
SO65230,74.5
SO65229,4878.77
SO65228,28953.26
SO65227,602.35
SO65226,20478.45
SO65225,672.29
SO65224,26146.27
SO65223,24.29
SO65222,445.41
SO65221,24253.07
SO65220,27686.54
SO65219,1466.01
SO65218,24598.26
SO65217,1466.01
SO65216,5108.34
SO65215,37520.52
SO65214,2.74
SO65213,11999.03
SO65212,111.75
SO65211,5005.71
SO65210,14534.37
SO65209,12552.07
SO65208,4256.94
SO65207,36952.48
SO65206,69040.82
SO65205,23396.09
SO65204,10.78
SO65203,3751.7
SO65202,6174.2
SO65201,53500.15
SO65200,47079.56
SO65199,52587.08
SO65198,209.95
SO65197,1430.44
SO65196,4256.94
SO65195,29631.03
SO65194,12551.01
SO65193,1466.01
SO65192,358.27
SO65191,56395.9
SO65190,923.21
SO65189,32765.81
SO65188,15054.74
SO65187,445.41
SO65186,119.96
SO65185,1225.41
SO65184,10723.98
SO65183,36395.95
SO65182,22227.84
SO65181,2810.53
SO65180,8765.82
SO65179,445.41
SO65178,39291.2
SO65177,41107.39
SO65176,25622.25
SO65175,19600.05
SO65174,45169.31
SO65173,65623.1
SO65172,21439.33
SO65171,4718.83
SO65170,5437.98
SO65169,12.14
SO65168,20857.74
SO65167,19300.84
SO65166,26.72
SO65165,4480.61
SO65164,24805.06
SO65163,59234.78
SO65162,4634.85
SO65161,4386.4
SO65160,53785.17
SO65159,13573.57
SO65158,67837.87
SO65157,22021.66
SO65156,30238.14
SO65155,32798.29
SO65154,26709.38
SO65153,2428.47
SO65152,11710.35
SO65151,76.2
SO65089,1466.01
SO63293,24818.37
SO63292,1466.01
SO63291,106448.56
SO63290,26673.61
SO63289,6926.94
SO63288,9183.66
SO63287,937.74
SO63286,338.99
SO63285,47450.25
SO63284,108183.94
SO63283,38585.97
SO63282,66375.6
SO63281,36065.67
SO63280,24142.32
SO63279,27078.8
SO63278,1619.73
SO63277,7678.88
SO63276,41.99
SO63275,41.99
SO63274,356.9
SO63273,83.98
SO63272,9473.46
SO63271,3115.67
SO63270,4340.65
SO63269,5394.29
SO63268,3597.27
SO63267,1337.6
SO63266,39392.09
SO63265,461.69
SO63264,3856.83
SO63263,21524.09
SO63262,27709.11
SO63261,6708.72
SO63260,1804.63
SO63259,323.99
SO63258,1875.85
SO63257,54368.16
SO63256,1331.26
SO63255,1544.95
SO63254,11546.57
SO63253,323.99
SO63252,46030.74
SO63251,24666.9
SO63250,323.99
SO63249,23564.85
SO63248,37.25
SO63247,26884.59
SO63246,10771.49
SO63245,25106.6
SO63244,9691.34
SO63243,5020.23
SO63242,1964.85
SO63241,54904.34
SO63240,25411.31
SO63239,15360.67
SO63238,37.25
SO63237,9477.88
SO63236,2837.96
SO63235,3425.82
SO63234,530.4
SO63233,28644.02
SO63232,78.58
SO63231,1466.01
SO63230,10040.46
SO63229,1544.95
SO63228,8974.55
SO63227,209.95
SO63226,41.99
SO63225,22806.29
SO63224,81696.29
SO63223,39929.37
SO63222,24673.5
SO63221,41.99
SO63220,4642.52
SO63219,9877.79
SO63218,17193.53
SO63217,28142.4
SO63216,45559.17
SO63215,722.13
SO63214,24495.52
SO63213,60118.73
SO63212,23989.68
SO63211,3472.37
SO63210,33632.76
SO63209,23994.78
SO63208,1391.99
SO63207,293.93
SO63206,602.35
SO63205,162.81
SO63204,44660.75
SO63203,1376.99
SO63202,21306.24
SO63201,73270.17
SO63200,24027.06
SO63199,1458.88
SO63198,3089.9
SO63197,339.59
SO63196,1668.57
SO63195,10184.23
SO63194,29584.94
SO63193,404.21
SO63192,1159.09
SO63191,9903.36
SO63190,218.45
SO63189,1702.87
SO63188,3047.91
SO63187,672.29
SO63186,645.46
SO63185,1430.44
SO63184,108.54
SO63183,5531.73
SO63182,21200
SO63181,21969.43
SO63180,21533.98
SO63179,38849.1
SO63178,4676.84
SO63177,44907.33
SO63176,6415.69
SO63175,17628.55
SO63174,25409.16
SO63173,26775.33
SO63172,890.82
SO63171,73348.15
SO63170,32316.91
SO63169,4298.93
SO63168,864.65
SO63167,19702.67
SO63165,1530.79
SO63164,2888.26
SO63163,4142.02
SO63162,293.15
SO63161,209.95
SO63160,134.43
SO63159,2963.93
SO63158,3047.91
SO63157,48531.93
SO63156,24025.39
SO63155,35670.6
SO63154,1466.01
SO63153,11642.18
SO63152,32133.22
SO63151,4718.83
SO63150,445.41
SO63149,50499.5
SO63148,22161.71
SO63147,48.58
SO63146,4528.68
SO63145,12057.99
SO63144,3391.15
SO63143,90.58
SO63142,37.15
SO63141,4241.27
SO63140,18455.38
SO63139,402.01
SO63138,4746.77
SO63137,880.76
SO63136,37100.38
SO63135,1663.41
SO63134,7635.71
SO63133,32837.33
SO63132,33904.23
SO63131,87012.93
SO63130,3870.21
SO63129,1502.96
SO63128,19361.59
SO63127,7879.03
SO63126,2041.18
SO63125,8511.87
SO63124,32382.21
SO63123,14478.05
SO63122,192.21
SO63121,167.96
SO63120,209.95
SO63119,218.45
SO61268,600.15
SO61267,26693.71
SO61266,13015.27
SO61264,25064.96
SO61263,29632.9
SO61261,38.1
SO61260,647.98
SO61259,323.99
SO61258,10879.08
SO61257,9630.67
SO61256,167.96
SO61255,8610.02
SO61254,8043.02
SO61253,677.98
SO61252,372.58
SO61251,2159.35
SO61250,2921.94
SO61249,26203.7
SO61248,51342.04
SO61247,3263.31
SO61246,1409.36
SO61245,445.41
SO61244,54955.76
SO61243,14607.89
SO61242,2049.26
SO61241,26298.58
SO61240,13814.79
SO61239,18775.26
SO61238,22636.62
SO61237,5115.31
SO61236,13721.65
SO61235,31850.38
SO61234,10127.66
SO61233,24.29
SO61232,14427.73
SO61231,181.16
SO61230,26579.9
SO61229,24338.64
SO61228,22488.92
SO61227,57449.2
SO61226,680.81
SO61225,12485.39
SO61224,35379.24
SO61223,1544.95
SO61222,21286.34
SO61221,4443.72
SO61220,108.54
SO61219,23752.37
SO61218,41797.92
SO61217,24995.11
SO61216,28386.6
SO61215,2843.87
SO61214,4706.03
SO61213,7565.12
SO61212,8070.4
SO61211,23456.87
SO61210,14812.04
SO61209,28194.08
SO61208,9311.55
SO61207,2186.75
SO61206,41.99
SO61205,377.91
SO61204,22748.36
SO61203,83.98
SO61202,4424.9
SO61201,1880.87
SO61200,71035.53
SO61199,58015.27
SO61198,323.99
SO61197,7351.62
SO61196,28038.4
SO61195,40282.33
SO61194,3040.66
SO61193,56182.12
SO61192,2783.98
SO61191,602.35
SO61190,37228.94
SO61189,61945.94
SO61188,49123.59
SO61187,65.98
SO61186,32743.4
SO61185,461.69
SO61184,94588.02
SO61183,32.39
SO61182,52741.13
SO61181,30499.9
SO61180,3490.61
SO61179,39248.14
SO61178,2689.16
SO61177,21131.78
SO61176,1466.01
SO61175,25882.64
SO61174,6899.24
SO61173,29140.5
SO59076,4331.32
SO59075,35546.74
SO59074,36759.16
SO59073,2492.27
SO59072,445.41
SO59071,56122.75
SO59070,2119
SO59069,323.99
SO59068,68642.2
SO59067,27288.58
SO59066,24889.11
SO59065,1644.81
SO59064,71938.95
SO59063,57815.8
SO59062,23.48
SO59061,7385.83
SO59060,923.38
SO59059,25137.3
SO59058,37209.34
SO59057,2294.23
SO59056,37.25
SO59055,353.96
SO59054,1558.24
SO59053,125.35
SO59052,734.79
SO59051,404.66
SO59050,5475.49
SO59049,2227.31
SO59048,338.99
SO59047,48.59
SO59046,559.23
SO59045,3589.79
SO59044,63244.31
SO59043,202.33
SO59042,3684.81
SO59041,6784.26
SO59040,44859.98
SO59039,149.87
SO59038,2518.23
SO59037,696.71
SO59036,1715.54
SO59035,6221.79
SO59034,411.68
SO59033,915.48
SO59032,2748.45
SO59031,46448.59
SO59030,441.91
SO59029,19932.23
SO59028,34591.68
SO59027,39723.38
SO59026,2771.29
SO59025,1047.76
SO59024,5047.61
SO59023,34703.8
SO59022,1830.53
SO59021,44971.27
SO59020,8835.83
SO59019,2077.06
SO59018,40106.53
SO59017,2109.38
SO59016,17744.2
SO59015,1502.96
SO59014,15380.47
SO59013,30540.85
SO59012,52733.21
SO59011,33871.87
SO59010,41011.42
SO59009,37.25
SO59008,53598.51
SO59007,1142.86
SO59006,3683.9
SO59005,16.27
SO59004,1391.99
SO59003,3788.24
SO59002,404.66
SO59001,1021.53
SO59000,72.88
SO58999,1142.86
SO58998,356.9
SO58997,762.09
SO58996,35390.24
SO58995,35833.97
SO58994,24.28
SO58993,27721.32
SO58992,3768
SO58991,1920.47
SO58990,1430.44
SO58989,6632.87
SO58988,4878.65
SO58987,9709.98
SO58986,356.9
SO58985,3067.05
SO58984,18959.56
SO58983,818.7
SO58982,21305.57
SO58981,38411.61
SO58980,97647.65
SO58979,21423.28
SO58978,7459
SO58977,10074.05
SO58976,10380.8
SO58975,33623.53
SO58974,34755.98
SO58973,16.17
SO58972,80840.97
SO58971,37354.91
SO58970,27952.5
SO58969,9700.17
SO58968,13938.85
SO58967,105.29
SO58966,2321.26
SO58965,12647.62
SO58964,218.45
SO58963,77485.14
SO58962,56579.7
SO58961,55710.29
SO58960,5801.89
SO58959,28856.73
SO58958,56837.19
SO58957,33361.63
SO58956,50668.97
SO58955,5721.76
SO58954,323.99
SO58953,8180.97
SO58952,4335.29
SO58951,32841.06
SO58950,71225.57
SO58949,7388.83
SO58948,25385.84
SO58947,1807.05
SO58946,40971.25
SO58945,3333.67
SO58944,35636.56
SO58943,60412.43
SO58942,2632.23
SO58941,564.62
SO58940,15345.15
SO58939,890.82
SO58938,3482.84
SO58937,4557.35
SO58936,445.41
SO58935,1414.73
SO58934,11375.25
SO58933,1279.28
SO58932,72303.87
SO58931,49113.91
SO58930,39133.71
SO58929,2902.87
SO58928,35757.92
SO58927,44270.03
SO58926,25086.26
SO58925,24805.77
SO58924,26653.32
SO58923,37.25
SO58922,27168.08
SO58921,34434.86
SO58920,85413.16
SO58919,52674.91
SO58918,61232.47
SO58917,6260.75
SO58916,19078.41
SO58915,27568.2
SO58914,69893.77
SO58913,8387.91
SO58912,323.99
SO58911,27499.74
SO58910,36336.06
SO58909,74229.96
SO58908,71805.49
SO58907,28421.24
SO58906,43451.3
SO58905,43243.19
SO58904,785.96
SO58903,3614.44
SO58902,291.58
SO58901,1462.83
SO57190,7405.39
SO57189,1466.01
SO57188,28343.11
SO57187,18787.73
SO57186,112299.77
SO57185,28913.63
SO57184,7472.81
SO57183,1466.01
SO57181,356.9
SO57180,70859.25
SO57179,8934.92
SO57178,3990.1
SO57177,1701.48
SO57176,2245.47
SO57175,1020.59
SO57174,5721.76
SO57173,3588.69
SO57172,6037.45
SO57171,1204.7
SO57170,2897.36
SO57169,323.99
SO57168,53901.42
SO57167,728.91
SO57166,72.16
SO57165,158.43
SO57164,15310.12
SO57163,149.87
SO57162,26225.72
SO57161,28746.41
SO57160,28744.81
SO57159,5872.63
SO57158,1331.79
SO57157,30687.52
SO57156,2159.35
SO57155,6638.04
SO57154,40517.91
SO57153,6236.74
SO57152,6126.29
SO57151,2025.24
SO57150,122285.54
SO57149,10780.23
SO57148,5324.14
SO57147,5078.55
SO57146,818.7
SO57145,44595
SO57144,31339.26
SO57143,94024.38
SO57142,905.8
SO57141,43072.53
SO57140,583.6
SO57139,5927.91
SO57138,25604.32
SO57137,33951.16
SO57136,86385.2
SO57135,5649.48
SO57134,32632.75
SO57133,18144.63
SO57132,40500.69
SO57131,30407.53
SO57130,28682.65
SO57129,805.78
SO57128,40829.35
SO57127,25600.72
SO57126,25592.31
SO57125,18408.51
SO57124,2783.98
SO57123,4973.77
SO57122,27722.06
SO57121,51378.84
SO57120,28637.1
SO57119,7317.57
SO57118,30219.43
SO57117,202.33
SO57116,202.33
SO57115,323.99
SO57114,202.33
SO57113,4465.53
SO57112,232.66
SO57111,4424.9
SO57110,5775.22
SO57109,5639.32
SO57108,338.99
SO57107,4291.32
SO57106,1866.81
SO57105,111498.09
SO57104,5742.67
SO57103,17844.39
SO57102,323.99
SO57101,2568.86
SO57100,1117.22
SO57099,53947.91
SO57098,4678.05
SO57097,35695.4
SO57096,713.8
SO57095,1466.01
SO57094,4592.86
SO57093,38991.51
SO57092,32.39
SO57091,6032.81
SO57090,41.99
SO57089,672.29
SO57088,29131.57
SO57087,19597.95
SO57086,50027.99
SO57085,26886.08
SO57084,323.99
SO57083,28881.65
SO57082,23983.57
SO57081,2901.19
SO57080,46762.93
SO57079,10319.81
SO57078,158.43
SO57077,900.14
SO57076,26696.34
SO57075,50982.8
SO57074,37420.69
SO57073,5969.85
SO57072,2639.37
SO57071,595.33
SO57070,18136.86
SO57069,6672.94
SO57068,33186.58
SO57067,35788.74
SO57066,81.54
SO57065,34113.73
SO57064,8436.4
SO57063,477.57
SO57062,62739.33
SO57061,74367.57
SO57060,3148.41
SO57059,2860.88
SO57058,21595.29
SO57057,5388.36
SO57056,2305.31
SO57055,33674.6
SO57054,94426.64
SO57053,7519.32
SO57052,417.69
SO57051,75990.6
SO57050,4550.87
SO57049,785.96
SO57048,24.29
SO57047,48.59
SO57046,73194.89
SO57045,49178.47
SO57044,3510.71
SO57043,6917.43
SO57042,39988.61
SO57041,63878.72
SO57040,2225.6
SO57039,2679.27
SO57038,5733.02
SO57037,40447.3
SO57036,37891.64
SO57035,2936.77
SO57034,76571.05
SO57033,12.14
SO57032,18243.47
SO57031,1001.97
SO57030,63338.74
SO57029,5562.72
SO57028,7909.92
SO57027,7251.47
SO57026,30381.35
SO57025,338.99
SO57024,27089.1
SO57023,35218.6
SO57022,3453.45
SO57021,221.91
SO57020,672.29
SO57019,24430.33
SO57018,1512.76
SO57017,27729.43
SO57016,4937.41
SO57015,33607.8
SO57014,48.59
SO57013,5885.87
SO57012,79958.57
SO55331,31318.97
SO55330,3430.6
SO55329,1336.23
SO55328,31915.74
SO55327,1430.44
SO55326,1118.46
SO55325,47522.98
SO55324,30988.29
SO55323,38600.26
SO55322,28006.88
SO55321,1427.6
SO55320,833.72
SO55319,475.29
SO55318,696.57
SO55317,468.65
SO55316,144
SO55315,3589.79
SO55314,7556.79
SO55313,3845.25
SO55312,704.68
SO55311,11598.46
SO55310,9679.46
SO55309,47814.4
SO55308,1628.93
SO55307,11888.96
SO55306,1022.11
SO55305,26517.65
SO55304,672.29
SO55303,63020.59
SO55302,11532.55
SO55301,46480.46
SO55300,27486.95
SO55299,54459.34
SO55298,1946.01
SO55297,77452.06
SO55296,2178.55
SO55295,9378.59
SO55294,34168.94
SO55293,9208.67
SO55292,24.29
SO55291,37477.18
SO55290,75.46
SO55289,158.43
SO55288,5277.85
SO55287,40621.64
SO55286,3650.55
SO55285,398.49
SO55284,3406.75
SO55283,35803.27
SO55282,166854.16
SO55281,518.35
SO55280,68404.35
SO55279,323.99
SO55278,3257.86
SO55277,57599.72
SO55276,74984.05
SO55275,64715.83
SO55274,323.99
SO55273,251.94
SO55272,44.68
SO55271,1768.87
SO55270,6806.3
SO55269,49863.02
SO55268,39931.27
SO55267,109.78
SO55266,3344.09
SO55265,6695.67
SO55264,63986.25
SO55263,9699.59
SO55262,373.07
SO55261,29207.02
SO55260,8267.16
SO55259,29503.08
SO55258,7154.24
SO55257,67687.05
SO55256,45633.08
SO55255,677.67
SO55254,105239.01
SO55253,35856.46
SO55252,37835.19
SO55251,41875.61
SO55250,4002.87
SO55249,51438.63
SO55248,39605.36
SO55247,4764.11
SO55246,105.29
SO55245,68250.5
SO55244,5371.43
SO55243,32712.41
SO55242,3605.18
SO55241,60644.88
SO55240,890.82
SO55239,39810.48
SO55238,7136.91
SO55237,72.16
SO55236,25645.17
SO55235,595.33
SO55234,48197.07
SO55233,61119.36
SO53625,2263.31
SO53624,981.28
SO53623,7798.62
SO53622,31.58
SO53621,107105.49
SO53620,1215.57
SO53619,967.99
SO53618,3786.61
SO53617,158.43
SO53616,69588.26
SO53615,26121.45
SO53614,61267.75
SO53613,43102.65
SO53612,1669.01
SO53611,1915.35
SO53610,802.4
SO53609,1523.27
SO53608,1937.16
SO53607,15369.56
SO53606,46742.02
SO53605,71108.02
SO53604,1747.79
SO53603,8785.82
SO53602,710.36
SO53601,552.93
SO53600,3948.87
SO53599,1667.92
SO53598,3796.19
SO53597,2042.55
SO53596,48.59
SO53595,6770.16
SO53594,1075.34
SO53593,1034.35
SO53592,4822.9
SO53591,1020.59
SO53590,65413.9
SO53589,1101.25
SO53588,54.94
SO53587,2224.27
SO53586,2760.24
SO53585,2576.85
SO53584,3864.57
SO53583,51394.9
SO53582,10609.37
SO53581,3748.13
SO53580,36443.46
SO53579,1254.04
SO53578,10037.77
SO53577,45596.3
SO53576,44080.64
SO53575,2183.63
SO53574,1279.12
SO53573,116813.4
SO53572,2259.71
SO53571,52347.91
SO53570,63943
SO53569,26823.54
SO53568,2615.84
SO53567,30705.09
SO53566,63669
SO53565,31154.25
SO53564,2.74
SO53563,81432.79
SO53562,81489.17
SO53561,48716.68
SO53560,56025.16
SO53559,334.06
SO53558,1249.64
SO53557,400.1
SO53556,4027.27
SO53555,936.41
SO53554,3671.72
SO53553,370.79
SO53552,7585.87
SO53551,28629.62
SO53550,10687.75
SO53549,858.9
SO53548,33591.9
SO53547,4321.22
SO53546,33869.8
SO53545,3650.28
SO53544,1574.44
SO53543,46.96
SO53542,5950.78
SO53541,31225.93
SO53540,8048.34
SO53539,18320.38
SO53538,20607.69
SO53537,1739.01
SO53536,43387.53
SO53535,106905.36
SO53534,12429.99
SO53533,26140.2
SO53532,2186.73
SO53531,38783.09
SO53530,76688.63
SO53529,16.27
SO53528,3928.37
SO53527,74129.99
SO53526,34892.39
SO53525,24969.1
SO53524,56844.5
SO53523,3095.73
SO53522,1336.24
SO53521,1373.53
SO53520,50866.84
SO53519,334.06
SO53518,88242.92
SO53517,158.43
SO53516,487.95
SO53515,26.72
SO53514,58895.12
SO53513,53039.06
SO53512,33664.28
SO53511,552.91
SO53510,44441.8
SO53509,3676.65
SO53508,36687.35
SO53507,4780.28
SO53506,106206.64
SO53505,40738.92
SO53504,2045.28
SO53503,4246.77
SO53502,33018.69
SO53501,1130.94
SO53500,43381.4
SO53499,28195.33
SO53498,1912.43
SO53497,91028.8
SO53496,4132.85
SO53495,4098.63
SO53494,109.78
SO53493,23384.37
SO53492,18428.21
SO53491,202.33
SO53490,3483.35
SO53489,1907.26
SO53488,70.64
SO53487,1466.01
SO53486,4949.67
SO53485,61457.46
SO53484,28063.05
SO53483,62436.68
SO53482,1475.59
SO53481,242.39
SO53480,44149.82
SO53479,225.61
SO53478,39956.33
SO53477,26294.81
SO53476,13751.38
SO53475,39785.15
SO53474,28431.49
SO53473,1665.38
SO53472,92642.85
SO53471,38495.93
SO53470,60716.85
SO53469,21536.44
SO53468,27269.27
SO53467,5696.34
SO53466,1182.89
SO53465,84829.22
SO53464,64154.37
SO53463,2910.7
SO53462,228.57
SO53461,1466.01
SO53460,107034.08
SO53459,30487.63
SO53458,98517.05
SO53457,47320.1
SO53456,26817.55
SO53455,31642.5
SO53454,40311.86
SO53453,200.05
SO53452,55289.53
SO53451,1791.88
SO53450,21.56
SO51875,42550.24
SO51874,6898.46
SO51873,326.73
SO51872,356.9
SO51871,200.05
SO51870,404.66
SO51869,26.72
SO51868,202.33
SO51867,5461.27
SO51866,977.36
SO51865,514
SO51864,3918.24
SO51863,461.69
SO51862,4130.97
SO51861,11106.78
SO51860,71028.85
SO51859,1964.55
SO51858,131627.89
SO51857,100922.17
SO51856,33634.28
SO51855,72632.07
SO51854,26.72
SO51853,35572.92
SO51852,4180.35
SO51851,3862.55
SO51850,69330.52
SO51849,10805.35
SO51848,5986.65
SO51847,9849.97
SO51846,971.97
SO51845,46468.5
SO51844,5074.73
SO51843,9759.63
SO51842,44630.15
SO51841,32.11
SO51840,668.12
SO51839,42935.35
SO51838,39403.53
SO51837,71611.43
SO51836,37414.61
SO51835,15147.26
SO51834,3560.51
SO51833,30591.22
SO51832,44223.87
SO51831,20403.55
SO51830,112772.73
SO51829,10277.01
SO51828,66070.03
SO51827,24143.5
SO51826,76402.5
SO51825,55933.62
SO51824,53326.96
SO51823,107064.19
SO51822,130409.95
SO51821,4542.92
SO51820,4213.02
SO51819,7107.82
SO51818,39731.43
SO51817,1822.91
SO51816,5195.84
SO51815,21769.68
SO51814,62771.4
SO51813,857.18
SO51812,5194.38
SO51811,356.9
SO51810,46010.08
SO51809,44062.26
SO51808,1770.72
SO51807,3669.51
SO51806,15136.82
SO51805,953.63
SO51804,868.85
SO51803,1717.8
SO51802,3385.76
SO51801,72.16
SO51800,2675.1
SO51799,700.87
SO51798,953.63
SO51797,31.58
SO51796,20.38
SO51795,7632.83
SO51794,1323.41
SO51793,31665.63
SO51792,818.7
SO51791,30032.14
SO51790,15242.6
SO51789,64297.02
SO51788,29.38
SO51787,858.9
SO51786,16524.52
SO51785,2180.87
SO51784,7407.69
SO51783,107930.05
SO51782,1.37
SO51781,6857.58
SO51780,10596.4
SO51779,63.9
SO51778,3055.85
SO51777,7262.16
SO51776,16794.78
SO51775,38552.13
SO51774,47574.59
SO51773,35829.96
SO51772,43789.6
SO51771,34351.59
SO51770,17236.91
SO51769,55917.29
SO51768,26.72
SO51767,748.13
SO51766,8126.32
SO51765,2753.98
SO51764,1630.36
SO51763,40110.31
SO51762,46799.32
SO51761,105952.64
SO51760,45750.86
SO51759,672.29
SO51758,1301.79
SO51757,756.33
SO51756,31.58
SO51755,41563.29
SO51754,461.69
SO51753,4672.35
SO51752,57291.67
SO51751,58634.95
SO51750,691.51
SO51749,2751.6
SO51748,53957.76
SO51747,1886.43
SO51746,5467.17
SO51745,73438.94
SO51744,316.86
SO51743,2698.16
SO51742,3546.81
SO51741,2969.55
SO51740,3495.44
SO51739,111553.7
SO51738,200.05
SO51737,6556.42
SO51736,2333.41
SO51735,88772.79
SO51734,85699.6
SO51733,31749.6
SO51732,356.9
SO51731,2343.66
SO51730,4464.54
SO51729,32904.5
SO51728,3106.84
SO51727,858.9
SO51726,50891.8
SO51725,1295.96
SO51724,9108.92
SO51723,3491.95
SO51722,38335.23
SO51721,98093.27
SO51720,51741.93
SO51719,7465.51
SO51718,4754.07
SO51717,14366.32
SO51716,55230.58
SO51715,37573.36
SO51714,78790.2
SO51713,323.99
SO51712,28821.6
SO51711,101677.5
SO51710,19566.23
SO51709,173.39
SO51708,4004.8
SO51707,790.72
SO51706,7728.15
SO51705,5219.72
SO51704,26053.17
SO51703,50840.12
SO51702,1506.55
SO51701,2636.17
SO51700,4823.35
SO51699,23919.02
SO51698,5835.88
SO51697,356.9
SO51696,2006
SO51694,2061.53
SO51693,33973.69
SO51692,672.29
SO51691,32164.22
SO51690,3170.58
SO51175,21.56
SO51174,334.06
SO51173,1484.11
SO51172,2636.68
SO51171,3263.97
SO51170,3711.95
SO51169,68659.76
SO51168,23820.24
SO51167,1037.15
SO51166,72.16
SO51165,6119.73
SO51164,712.17
SO51163,323.99
SO51162,356.9
SO51161,6010.55
SO51160,98967.39
SO51159,484.6
SO51158,2510.11
SO51157,50775.52
SO51156,3840.06
SO51155,33801.92
SO51154,54531.09
SO51153,91052.57
SO51152,9541.56
SO51151,65265.78
SO51150,28324.72
SO51149,6768.08
SO51148,43748.53
SO51147,57218.31
SO51146,53088.1
SO51145,14616.46
SO51144,7025.49
SO51143,59804.76
SO51142,2232.84
SO51141,4009.58
SO51140,58363.8
SO51139,8109.25
SO51138,36252.37
SO51137,46420.32
SO51136,647.98
SO51135,5068.09
SO51134,5633.86
SO51133,1020.59
SO51132,99783.95
SO51131,175753.58
SO51130,40912.13
SO51129,5156.53
SO51128,1331.17
SO51127,71356.87
SO51126,116784.79
SO51124,77877.35
SO51123,93828.64
SO51122,60848.39
SO51121,79681.14
SO51120,57180.3
SO51119,2107.31
SO51118,26.72
SO51117,11650.5
SO51116,5340.58
SO51115,2783.98
SO51114,672.29
SO51113,11700.17
SO51112,28599.1
SO51111,35178.88
SO51110,6913.49
SO51109,71690.22
SO51108,24633.36
SO51107,187.12
SO51106,53953.38
SO51105,71514.57
SO51104,29019.87
SO51103,2935.73
SO51102,30410.42
SO51101,35028.44
SO51100,35150.88
SO51099,5208.65
SO51098,1344.58
SO51097,2753.98
SO51096,81787.78
SO51095,803.71
SO51094,6150.24
SO51093,149.87
SO51092,49721.69
SO51091,5022.21
SO51090,77499.46
SO51089,74265.1
SO51088,36907.22
SO51087,2860.89
SO51086,323.99
SO51085,5840.76
SO51084,24004.49
SO51083,9195.05
SO51082,818.7
SO51081,36828.1
SO50759,1252.25
SO50758,4515.93
SO50757,1320.62
SO50756,37658.57
SO50755,671.41
SO50754,8256.59
SO50753,52108.7
SO50752,1295.98
SO50751,1493.96
SO50750,2802.57
SO50749,25585.04
SO50748,39339.3
SO50747,36204.04
SO50746,7654.32
SO50745,33997.24
SO50744,2009.34
SO50743,31207.05
SO50742,573.99
SO50741,508.39
SO50740,8961.46
SO50739,2458.57
SO50738,43698.67
SO50737,2451.04
SO50736,5835.63
SO50735,2003.71
SO50734,2232.81
SO50733,2953.82
SO50732,324.45
SO50731,68.37
SO50730,205.11
SO50729,1466.01
SO50728,44624.06
SO50727,45943.71
SO50726,96010.84
SO50725,4391.96
SO50724,22106.94
SO50723,1531.7
SO50722,49862.14
SO50721,13975.97
SO50720,27105.89
SO50719,425.86
SO50718,1416.92
SO50717,2718.31
SO50716,31691.6
SO50715,2817.84
SO50714,469.79
SO50713,737.72
SO50712,44541.82
SO50711,482.61
SO50710,784.2
SO50709,2458.92
SO50708,5311.49
SO50707,3720.9
SO50706,9913.42
SO50705,10763.06
SO50704,12263.96
SO50703,58149.91
SO50702,34930.43
SO50701,777.27
SO50700,181.69
SO50699,28921.8
SO50698,26439.98
SO50697,7866.76
SO50696,47192.28
SO50695,418.52
SO50694,95434.6
SO50693,32210.25
SO50692,3715.16
SO50691,183.94
SO50690,2458.92
SO50689,46260.6
SO50688,58371.87
SO50687,37150.2
SO50686,1502.94
SO50685,6631.63
SO50684,7813.76
SO50683,105041.66
SO50682,38777.8
SO50681,37815.67
SO50680,1844.49
SO50679,386.27
SO50678,16810.21
SO50677,1910.3
SO50676,34898.97
SO50675,38382.43
SO50674,324.62
SO50673,41158.72
SO50672,79041.84
SO50671,22994.88
SO50670,523.78
SO50669,3733.87
SO50668,59518.47
SO50667,11443.17
SO50666,94.37
SO50665,214.63
SO50664,42463.9
SO50663,88147.67
SO50662,33980.44
SO50661,29514.12
SO50660,22.79
SO50659,1297.83
SO50658,6107.27
SO50322,71630.67
SO50321,44161.56
SO50320,600.26
SO50319,780.72
SO50318,202.33
SO50317,954.58
SO50316,6711.15
SO50315,18868.81
SO50314,45674.34
SO50313,53096.92
SO50312,68280.31
SO50311,25839.05
SO50310,70067.49
SO50309,198.04
SO50308,2618.45
SO50307,3279.89
SO50306,32266.59
SO50305,647.99
SO50304,93032.29
SO50303,74.84
SO50302,11715.22
SO50301,42534.05
SO50300,604.87
SO50299,819.11
SO50298,41637.5
SO50297,103362.1
SO50296,2818.74
SO50295,25309.46
SO50294,29991.2
SO50293,22980.43
SO50292,41211.53
SO50291,606.99
SO50290,37329.33
SO50289,105310.23
SO50288,647.99
SO50287,183.94
SO50286,324.45
SO50285,283.24
SO50284,44805.47
SO50283,4974.15
SO50282,33591.95
SO50281,4507.63
SO50280,33636.63
SO50279,453.13
SO50278,324.45
SO50277,2551.46
SO50276,11496.96
SO50275,5128.14
SO50274,2184.67
SO50273,744.27
SO50272,44893.13
SO50271,600.26
SO50270,78178.46
SO50269,1731.35
SO50268,527.47
SO50267,1229.46
SO50266,5514.12
SO50265,45840.77
SO50264,3926.82
SO50263,30252.33
SO50262,182.32
SO50261,5482.64
SO50260,7651.72
SO50259,46990.26
SO50258,170.73
SO50257,324.45
SO50256,86.52
SO50255,45
SO50254,469.79
SO50253,4017.12
SO50252,95414.86
SO50251,540.39
SO50250,2993.09
SO50249,14251.54
SO50248,894.22
SO50247,1229.46
SO50246,26049.51
SO50245,31537.79
SO50244,43180.87
SO50243,20139.06
SO50242,36530.4
SO50241,153.56
SO50240,65.6
SO50239,1743.43
SO50238,159.53
SO50237,30203.19
SO50236,26844.75
SO50235,38464.45
SO50234,517.18
SO50233,3870.7
SO50232,26254.31
SO50231,45752.33
SO50230,8074.41
SO50229,2504.5
SO50228,28292.12
SO50227,149.03
SO50226,56191.31
SO50225,67717.48
SO50224,4003.19
SO50223,1590.01
SO50222,93694.22
SO50221,44987.74
SO50220,12417.16
SO50219,448.74
SO50218,34110.07
SO50217,32359.86
SO50216,1484.44
SO50215,3792.93
SO50214,50702.01
SO50213,26985.2
SO50212,6675.7
SO50211,9795.05
SO50210,36879.21
SO50209,30242.63
SO50208,94672.91
SO50207,736.15
SO50206,59913.04
SO50205,5255.26
SO50204,97596.87
SO50203,40060.02
SO50202,2550.08
SO50201,1879.16
SO50200,5605.2
SO50199,23863
SO50198,3701.77
SO50197,3218.14
SO50196,598.07
SO50195,29654.23
SO50194,1409.37
SO50193,6320.22
SO50192,5218.99
SO50191,40517.88
SO50190,767.75
SO50189,30041.95
SO49894,40267.18
SO49893,31887.17
SO49892,968.42
SO49891,42765.24
SO49890,43033.52
SO49889,7149.12
SO49888,96605.72
SO49887,3502.52
SO49886,2932.02
SO49885,4263.14
SO49884,98266.38
SO49883,89.98
SO49882,57.68
SO49881,1308.94
SO49880,339.73
SO49879,78423.09
SO49878,4568.66
SO49877,36459.67
SO49876,11816.55
SO49875,540.39
SO49874,508.39
SO49873,1269.84
SO49872,600.26
SO49871,5292.89
SO49870,57297.31
SO49869,38664.07
SO49868,1516.16
SO49867,183.94
SO49866,123.28
SO49865,42619.98
SO49864,45918.55
SO49863,107.98
SO49862,4471.17
SO49861,1328.89
SO49860,37997.61
SO49859,2886.28
SO49858,469.79
SO49857,44.99
SO49856,86572.92
SO49855,36148.5
SO49854,669.09
SO49853,4030.23
SO49852,6712.14
SO49851,37240.03
SO49850,5373.12
SO49849,49349.55
SO49848,59277.12
SO49847,287.15
SO49846,249.54
SO49845,4228.11
SO49844,75440.35
SO49843,80588.88
SO49842,324.45
SO49841,43579.34
SO49840,2131.87
SO49839,7907.5
SO49838,6016.6
SO49837,89596.15
SO49836,45570.93
SO49835,213.52
SO49834,4336.79
SO49833,39666.03
SO49832,36211.31
SO49831,48003.41
SO49830,458.77
SO49829,1691.3
SO49828,88444.35
SO49827,39298.77
SO49826,73988.22
SO49825,33604.42
SO49824,44.99
SO49823,4226.44
SO49822,32230.17
SO49821,78174.79
SO49548,6577.06
SO49547,2485.7
SO49546,113.95
SO49545,418.82
SO49544,405.59
SO49543,209.26
SO49542,2527.29
SO49541,36603.09
SO49540,17253.96
SO49539,3792.93
SO49538,23382.97
SO49537,469.79
SO49536,396.08
SO49535,202.33
SO49534,7046.85
SO49533,26460.99
SO49532,40309.84
SO49531,4228.11
SO49530,1633.39
SO49529,417.97
SO49528,803.02
SO49527,34916.34
SO49526,2348.95
SO49525,1409.37
SO49524,3916.28
SO49523,22612.23
SO49522,1601.52
SO49521,33205.13
SO49520,2595.66
SO49519,94.37
SO49518,31319.44
SO49517,2818.74
SO49516,1317.69
SO49515,29669.53
SO49514,22.79
SO49513,25731.51
SO49512,19309.78
SO49511,2348.95
SO49510,47083.99
SO49509,89758.34
SO49508,1376.48
SO49507,26975.81
SO49506,823.07
SO49505,22.79
SO49504,19662.59
SO49503,3372.38
SO49502,41602.35
SO49501,47277.08
SO49500,537.33
SO49499,32712.33
SO49498,57160.77
SO49497,10335.38
SO49496,43758
SO49495,24248.31
SO49494,18993
SO49493,4228.11
SO49492,32553.12
SO49491,183.94
SO49490,44311.37
SO49489,11621.87
SO49488,31541.43
SO49487,1366.2
SO49486,4228.11
SO49485,86352.24
SO49484,20587.34
SO49483,6125.12
SO49482,5009
SO49481,36892.15
SO49480,45661.89
SO49479,80673.49
SO49478,1833.89
SO49477,7046.85
SO49476,17725.07
SO49475,67.54
SO49474,2472.31
SO49473,13842.6
SO49472,14819.61
SO49471,2525.44
SO49470,546.99
SO49469,667.83
SO49468,36476.15
SO49467,38254.32
SO49466,8629.01
SO49465,41071.7
SO49464,34217.99
SO49463,2539.68
SO49462,648.9
SO49461,182.32
SO49460,2186.54
SO49459,648.9
SO49458,198.04
SO49457,67.54
SO49456,624.73
SO49455,469.79
SO49454,6192.88
SO49453,1242.85
SO49452,1308.94
SO49451,2595.66
SO49450,32730.16
SO49449,45.58
SO49448,1275.04
SO49447,107.98
SO49446,13623.91
SO49445,2818.74
SO49444,6509.25
SO49443,67.54
SO49170,4085.4
SO49169,35380.52
SO49168,489.98
SO49167,43394.31
SO49166,56199.9
SO49165,6107.27
SO49164,7490.71
SO49163,7735.99
SO49162,939.58
SO49161,50262.82
SO49160,50953.22
SO49159,10829.96
SO49158,17782.15
SO49157,66733.09
SO49156,3995.35
SO49155,1308.94
SO49154,577.77
SO49153,2527.29
SO49152,23096.93
SO49151,62728.51
SO49150,1877.45
SO49149,23585.93
SO49148,736.15
SO49147,82168.59
SO49146,26597.09
SO49145,5054.58
SO49144,324.45
SO49143,198.04
SO49142,209.26
SO49141,939.58
SO49140,20987.04
SO49139,22820.72
SO49138,33688.75
SO49137,2348.95
SO49136,70164.3
SO49135,736.15
SO49134,5031.79
SO49133,10335.38
SO49132,31143.9
SO49131,141.62
SO49130,1416.86
SO49129,43071.69
SO49128,1879.16
SO49127,74204.73
SO49126,10805.17
SO49125,24252.07
SO49124,38994.05
SO49123,44129.9
SO49122,12684.33
SO49121,1320.62
SO49120,68.37
SO49119,7986.43
SO49118,54017.28
SO49117,24520.05
SO49116,41513.05
SO49115,20038.31
SO49114,33016.07
SO49113,25124.53
SO49112,5054.58
SO49111,4228.11
SO49110,141.62
SO49109,6577.06
SO49108,1409.37
SO49107,74.84
SO49106,15161.78
SO49105,25187.47
SO49104,44669.61
SO49103,17494.36
SO49102,606.99
SO49101,25503.08
SO49100,17315.07
SO49099,78579.93
SO49098,1242.85
SO49097,4999.6
SO49096,6375.2
SO49095,66728.71
SO49094,44603.81
SO49093,22243.31
SO49092,20053.9
SO49091,43681.72
SO49090,40433.21
SO49089,1388.99
SO49088,5637.48
SO49087,324.45
SO49086,42594.37
SO49085,23124.22
SO49084,24715.31
SO49083,1229.46
SO49082,672.24
SO49081,1229.46
SO49080,344.01
SO49079,469.79
SO49078,24617.19
SO49077,647.99
SO49076,79070.31
SO49075,209.26
SO49074,20078.26
SO49073,2641.24
SO49072,10532.32
SO49071,418.52
SO49070,23623.35
SO49069,6123.05
SO49068,11274.96
SO49067,1242.85
SO49066,22577.51
SO49065,42740.57
SO49064,8158.22
SO49063,159.53
SO49062,25710.55
SO49061,38306.24
SO49060,1411.78
SO49059,263.25
SO49058,38334.47
SO49057,2348.95
SO49056,647.99
SO49055,22.79
SO49054,1320.62
SO49053,48748.41
SO49052,88446.64
SO49051,1242.85
SO49050,251.48
SO49049,136.74
SO49048,4697.9
SO49047,489.98
SO49046,2595.66
SO49045,7046.85
SO49044,404.87
SO49043,209.26
SO49042,1839.3
SO49041,205.11
SO49040,17259.8
SO49039,5168.53
SO48794,469.79
SO48793,209.26
SO48792,469.79
SO48791,28063.06
SO48790,1899.35
SO48789,9865.59
SO48788,85919.65
SO48787,4228.11
SO48786,22843.13
SO48785,4228.11
SO48784,197.96
SO48783,1308.94
SO48782,469.79
SO48781,403.87
SO48780,46606.03
SO48779,2631.84
SO48778,54444.82
SO48777,3758.32
SO48776,23264.48
SO48775,39579.37
SO48774,3847.91
SO48773,4228.11
SO48772,4228.11
SO48771,30663.1
SO48770,35818.99
SO48769,24016.32
SO48768,32159.43
SO48767,26717.5
SO48766,36874.5
SO48765,1499.16
SO48764,41665.5
SO48763,4802.25
SO48762,2818.74
SO48761,29406.85
SO48760,21705.37
SO48759,1275.04
SO48758,40230.81
SO48757,63880.21
SO48756,647.99
SO48755,24993.6
SO48754,24351.93
SO48753,30333.69
SO48752,647.99
SO48751,42079.39
SO48750,54312.64
SO48749,3288.53
SO48748,1548.52
SO48747,8742.96
SO48746,71863.61
SO48745,8874.41
SO48744,18999.13
SO48743,627.78
SO48742,45.58
SO48741,37019.86
SO48740,80856.95
SO48739,20558.79
SO48738,3288.53
SO48737,1393.99
SO48736,33.77
SO48735,80097.79
SO48734,22956.22
SO48733,878.33
SO48732,414.43
SO48731,7046.85
SO48730,35989.59
SO48399,2595.66
SO48398,3711.17
SO48397,30460.31
SO48396,31548.53
SO48395,32562.59
SO48394,2485.7
SO48393,97962.15
SO48392,50383.65
SO48391,3756.75
SO48390,4296.18
SO48389,72958.62
SO48388,182.32
SO48387,4069.25
SO48386,51394.06
SO48385,7046.85
SO48384,67778.47
SO48383,2940.86
SO48382,20.52
SO48381,3045.55
SO48380,33099.43
SO48379,1788.14
SO48378,42837.09
SO48377,1409.37
SO48376,1409.37
SO48375,30038.99
SO48374,7921.66
SO48373,38235.67
SO48372,107.28
SO48371,4039.38
SO48370,36234.29
SO48369,4425.79
SO48368,183.94
SO48367,2489.45
SO48366,1981.25
SO48365,10080.96
SO48364,3423.91
SO48363,51043.44
SO48362,275.38
SO48361,11084.54
SO48360,11075.33
SO48359,80477.79
SO48358,68.37
SO48357,246.46
SO48356,27258.31
SO48355,70.36
SO48354,202.33
SO48353,1529.58
SO48352,2283.82
SO48351,36324.67
SO48350,35310.01
SO48349,54184.08
SO48348,4556.36
SO48347,44305.37
SO48346,2458.92
SO48345,4049.64
SO48344,1242.85
SO48343,790.93
SO48342,8699.95
SO48341,70065.3
SO48340,26664.75
SO48339,49713.07
SO48338,3839.73
SO48337,12649.84
SO48336,100856.58
SO48335,983.15
SO48334,2458.92
SO48333,33563.75
SO48332,42866.43
SO48331,3457.97
SO48330,65.6
SO48329,1070.05
SO48328,30063.55
SO48327,3463.56
SO48326,1684.24
SO48325,48509.86
SO48324,2451.13
SO48323,3298.91
SO48322,600.26
SO48321,32208.32
SO48320,164.7
SO48319,4971.4
SO48318,31311.39
SO48317,35416.88
SO48316,324.45
SO48315,250.84
SO48314,4707.83
SO48313,13301.4
SO48312,1152.08
SO48311,79074.23
SO48310,24679.62
SO48309,489.98
SO48308,3027.36
SO48307,87708.81
SO48306,90166.94
SO48305,600.26
SO48304,12686.02
SO48303,24.29
SO48302,324.45
SO48301,44.99
SO48300,40.38
SO48299,37656.24
SO48298,183.94
SO48297,7971.93
SO48296,44080.82
SO48295,79722.18
SO48294,2485.7
SO48293,36285.41
SO48292,35439.94
SO48291,736.15
SO48290,9342.05
SO48289,635.81
SO48288,383.05
SO48287,198.04
SO48286,5637.48
SO48092,235.27
SO48091,1308.94
SO48090,7540.83
SO48089,60898.29
SO48088,11173.68
SO48087,47836.77
SO48086,67.54
SO48085,1141.91
SO48084,3923.93
SO48083,6941.78
SO48082,1229.46
SO48081,1466.01
SO48080,49789.01
SO48079,43444.02
SO48078,2458.92
SO48077,39684.48
SO48076,64550.52
SO48075,18768.96
SO48074,202.33
SO48073,10244.75
SO48072,3920.27
SO48071,34271.37
SO48070,183.94
SO48069,66454.88
SO48068,2526.56
SO48067,35.99
SO48066,39130.17
SO48065,79066.52
SO48064,88.93
SO48063,36400.99
SO48062,14288.65
SO48061,939.58
SO48060,1409.37
SO48059,44241.67
SO48058,20.52
SO48057,86679.36
SO48056,59569.07
SO48055,2014.24
SO48054,2818.74
SO48053,38319.8
SO48052,24644.21
SO48051,42754.96
SO48050,33644.32
SO48049,41010.24
SO48048,95133.84
SO48047,14.13
SO48046,325.89
SO48045,1153.8
SO48044,217.33
SO48043,97455.47
SO48042,2143.82
SO48041,10151.68
SO48040,1503.21
SO48039,1720.8
SO48038,8234.19
SO48037,20859.9
SO48036,34847.68
SO48035,52295.37
SO48034,15617.63
SO48033,47812.43
SO48032,2449.17
SO48031,36535.37
SO48030,3258.97
SO48029,20.19
SO48028,32765.37
SO48027,314.42
SO48026,46280.71
SO48025,1366.2
SO48024,20.19
SO48023,31255.99
SO48022,4038.84
SO48021,35564.73
SO48020,7573.92
SO48019,6214.25
SO48018,44583.82
SO48017,36319.51
SO48016,44297.77
SO48015,3025.68
SO48014,209.26
SO48013,1998.42
SO48012,51102.95
SO48011,7516.64
SO48010,66145.81
SO48009,7980.87
SO48008,654.75
SO48007,647.99
SO48006,14563.49
SO48005,87999.85
SO48004,44025.48
SO48003,242.25
SO48002,4610.69
SO48001,36401.58
SO48000,780.82
SO47999,34148.34
SO47998,11405.57
SO47997,4168.19
SO47996,40134.58
SO47995,14495.83
SO47994,47221.28
SO47993,9138.32
SO47992,43496.28
SO47991,35296.39
SO47990,100216.3
SO47989,7477.52
SO47988,95370.28
SO47987,1597.98
SO47986,87942.32
SO47985,20.52
SO47984,5887.21
SO47983,469.79
SO47982,67.54
SO47981,2709.61
SO47980,22672.22
SO47979,3554.62
SO47978,23268.65
SO47977,8206.5
SO47976,40061.6
SO47975,49379.96
SO47974,642.65
SO47973,47151.15
SO47972,3048.48
SO47971,5637.48
SO47970,72244.34
SO47969,8724.16
SO47968,273.1
SO47967,38408.17
SO47966,4940.74
SO47965,49578.64
SO47964,2618.86
SO47963,5031.79
SO47962,38499.6
SO47961,647.99
SO47960,11547.3
SO47730,26305.43
SO47729,324.45
SO47728,1308.94
SO47727,209.26
SO47726,28595.69
SO47725,43816.31
SO47724,48566.7
SO47723,1308.94
SO47722,183.94
SO47721,52830.51
SO47720,43396.07
SO47719,9845.07
SO47718,86493.12
SO47717,1409.37
SO47716,49019.5
SO47715,3784.57
SO47714,3863.77
SO47713,67.54
SO47712,99759.07
SO47711,51.05
SO47710,183.94
SO47709,5360.11
SO47708,66791.71
SO47707,269.94
SO47706,29731.5
SO47705,18843.57
SO47704,648.9
SO47703,6185.49
SO47702,7536.29
SO47701,6413.61
SO47700,35153.06
SO47699,6174.81
SO47698,72950.2
SO47697,383.05
SO47696,60544.87
SO47695,113.95
SO47694,72573.62
SO47693,33133.92
SO47692,3604.09
SO47691,40.38
SO47690,2960.12
SO47689,812.43
SO47688,2485.7
SO47687,47238.5
SO47686,65.6
SO47685,51208.9
SO47684,1692.38
SO47683,82582.57
SO47682,264.7
SO47681,28880.06
SO47680,29179.3
SO47679,348.7
SO47678,6919.17
SO47677,41683.27
SO47676,29481.97
SO47675,47948.61
SO47674,7719.26
SO47673,30882.19
SO47672,70.65
SO47671,40.38
SO47670,77490.23
SO47669,9304.42
SO47668,44165.84
SO47667,2024.57
SO47666,75293.89
SO47665,40.38
SO47664,41414.92
SO47663,74025.68
SO47662,34688.79
SO47661,469.79
SO47660,469.79
SO47659,5033.59
SO47658,99514.27
SO47459,6423.51
SO47458,55607.39
SO47457,4950.81
SO47456,48294.06
SO47455,112722.68
SO47454,27463.28
SO47453,2269.26
SO47452,6066.42
SO47451,102392.18
SO47450,65615.23
SO47449,10719.31
SO47448,2112.54
SO47447,56817.65
SO47446,379.47
SO47445,1116.9
SO47444,9020.65
SO47443,7619.54
SO47442,245.25
SO47441,113726.58
SO47440,8610.1
SO47439,59309.23
SO47438,56590.49
SO47437,214.24
SO47436,17147.04
SO47435,47901.73
SO47434,37289.51
SO47433,91.16
SO47432,7200.14
SO47431,288.11
SO47430,469.79
SO47429,1259.76
SO47428,2685.88
SO47427,34400.79
SO47426,1308.94
SO47425,3934.04
SO47424,12625.05
SO47423,4262.9
SO47422,62639.96
SO47421,9146.64
SO47420,491.42
SO47419,12931.14
SO47418,91.16
SO47417,49342.2
SO47416,103862.16
SO47415,2779.91
SO47414,684.03
SO47413,39384.66
SO47412,202.33
SO47411,37498.36
SO47410,15445.54
SO47409,61492.38
SO47408,1263.04
SO47407,2521.69
SO47406,4709.21
SO47405,780.82
SO47404,4868.64
SO47403,54811.92
SO47402,9680.12
SO47401,469.79
SO47400,103584.09
SO47399,26560.53
SO47398,60281.19
SO47397,7962.56
SO47396,19717.9
SO47395,148014.93
SO47394,32926.83
SO47393,20.52
SO47392,324.45
SO47391,74487.52
SO47390,780.82
SO47389,4356.87
SO47388,202.33
SO47387,39972.08
SO47386,3613.63
SO47385,3147.57
SO47384,44013.55
SO47383,4493.55
SO47382,65.6
SO47381,602.7
SO47380,44036.6
SO47379,53.99
SO47378,39496.39
SO47377,72689.31
SO47376,817.52
SO47375,469.79
SO47374,28923.05
SO47373,1674.69
SO47372,11476.38
SO47371,881.01
SO47370,149.03
SO47369,141523.24
SO47368,6700.1
SO47367,26522.97
SO47366,96589.19
SO47365,89880.88
SO47364,183.94
SO47363,214.24
SO47362,16427.78
SO47361,231.17
SO47360,784.05
SO47359,50300.73
SO47358,2443.28
SO47357,8057.67
SO47356,635.02
SO47355,130185.05
SO47354,51710.54
SO47353,38836.84
SO47352,35038.9
SO47351,11056.58
SO47350,5717.09
SO47349,1561.64
SO47067,18105.38
SO47066,57433.64
SO47065,56091.1
SO47064,794.24
SO47063,2458.92
SO47062,20513.47
SO47061,14630.81
SO47060,1628.6
SO47059,324.45
SO47058,2180.42
SO47057,16239.54
SO47056,54130.24
SO47055,47402.94
SO47054,42607.68
SO47053,26628.06
SO47052,59518.68
SO47051,20.52
SO47050,6803.66
SO47049,46321.77
SO47048,469.79
SO47047,10085.46
SO47046,3981.86
SO47045,72107.71
SO47044,180.09
SO47043,209.26
SO47042,47430.9
SO47041,84873.67
SO47040,22386.71
SO47039,32903.06
SO47038,183.94
SO47037,52083.99
SO47036,2508.49
SO47035,2647.01
SO47034,68026.84
SO47033,93894.38
SO47032,5273.19
SO47031,33233.61
SO47030,2554.07
SO47029,53.99
SO47028,39992.73
SO47027,105374.95
SO47026,41020.15
SO47025,17146.51
SO47024,45845.38
SO47023,1308.94
SO47022,469.79
SO47021,1444.35
SO47020,869.69
SO47019,980.9
SO47018,107990.78
SO47017,180.13
SO47016,7804.47
SO47015,19544.02
SO47014,340.98
SO47013,21209.66
SO47012,40697.64
SO47011,16953.35
SO47010,209.26
SO47009,49625.4
SO47008,58252.28
SO47007,4142.63
SO47006,38625.9
SO47005,1316.17
SO47004,53201.58
SO47003,18202.69
SO47002,1256.62
SO47001,70152.36
SO47000,5894.96
SO46999,2371.3
SO46998,1242.85
SO46997,57999.12
SO46996,63794.25
SO46995,8591.09
SO46994,54864.27
SO46993,48755.73
SO46992,58519.36
SO46991,9803.56
SO46990,924.4
SO46989,2342.46
SO46988,80544.83
SO46987,89388.44
SO46986,6814.39
SO46985,3226.12
SO46984,5347.57
SO46983,14936.91
SO46982,65.6
SO46981,149533.15
SO46980,50382.77
SO46979,5662.29
SO46978,234.9
SO46977,4254.42
SO46976,7759.35
SO46975,149.03
SO46974,40429.65
SO46973,6227.19
SO46972,38189.01
SO46971,15325.67
SO46970,50912.81
SO46969,39373.21
SO46968,16064.91
SO46967,48577.58
SO46966,40982.53
SO46965,8594.21
SO46964,86763.9
SO46963,469.79
SO46962,2485.7
SO46961,324.45
SO46960,10176.96
SO46959,90454.32
SO46958,2458.92
SO46957,75467.96
SO46956,4383.89
SO46955,9625.01
SO46954,1485.88
SO46953,64355.38
SO46952,165.23
SO46951,27892.36
SO46950,5495.99
SO46949,4810.02
SO46948,49290.48
SO46947,39070.76
SO46946,196.33
SO46945,379.47
SO46944,77647.72
SO46943,8991.08
SO46942,4364.27
SO46941,7222.83
SO46940,52182.02
SO46939,324.45
SO46938,53415.9
SO46937,33.77
SO46936,6891.55
SO46935,688.75
SO46934,469.79
SO46933,47965.04
SO46932,3661.1
SO46931,48300.39
SO46930,16817.37
SO46929,24.29
SO46675,5755.61
SO46674,324.45
SO46673,28122
SO46672,64512.84
SO46671,63097.71
SO46670,1438.84
SO46669,72634.5
SO46668,59989.4
SO46667,14660.24
SO46666,88920.24
SO46665,367.88
SO46664,15946.32
SO46663,8818.58
SO46662,71187.4
SO46661,1524.53
SO46660,119414.82
SO46659,684.03
SO46658,4838.67
SO46657,92891.75
SO46656,33.64
SO46655,45064.25
SO46654,7157.16
SO46653,2476.96
SO46652,43074.5
SO46651,12145.52
SO46650,3993.23
SO46649,10491.49
SO46648,57247.89
SO46647,81042.24
SO46646,1155.77
SO46645,101372.9
SO46644,1308.94
SO46643,110830.04
SO46642,98012.93
SO46641,469.79
SO46640,33293.81
SO46639,6626.02
SO46638,61865.17
SO46637,209.26
SO46636,180.13
SO46635,2378.45
SO46634,803.68
SO46633,66143.27
SO46632,24.29
SO46631,7409.29
SO46630,35728.17
SO46629,99420.88
SO46628,647.99
SO46627,13112.74
SO46626,37250.76
SO46625,45092.53
SO46624,37667.98
SO46623,2278.15
SO46622,42319.29
SO46621,5898.7
SO46620,50250.37
SO46619,71.98
SO46618,86.52
SO46617,4289.35
SO46616,153431.37
SO46615,7973.29
SO46614,72391.3
SO46613,2927.72
SO46612,1626.47
SO46611,78454.98
SO46610,36643.31
SO46609,2371.3
SO46608,47449.43
SO46607,121037.09
SO46606,57.68
SO46605,5956.64
SO46604,37182.43
SO46389,1700
SO46388,2555.98
SO46387,48117.87
SO46386,12343.26
SO46385,46414.7
SO46384,16940.14
SO46383,20581.6
SO46382,13673.81
SO46381,1429.4
SO46380,58422.7
SO46379,4392.25
SO46378,1677.84
SO46377,9853.84
SO46376,776.36
SO46375,356.9
SO46374,16189.42
SO46373,1619.52
SO46372,40638.63
SO46371,903.63
SO46370,32355.7
SO46369,3962.24
SO46368,23913.89
SO46367,24278.01
SO46366,6094.36
SO46365,5080.7
SO46364,40105.74
SO46363,33516.87
SO46362,17762.28
SO46361,5529.91
SO46360,9480.62
SO46359,18802.64
SO46358,60079.03
SO46357,8573.74
SO46356,58977.11
SO46355,22996.55
SO46354,419.46
SO46353,5963.63
SO46352,5918.75
SO46351,3914.94
SO46350,3427.42
SO46349,4292.34
SO46348,32596.31
SO46347,1144.5
SO46346,13659.57
SO46345,23917.05
SO46344,25738.27
SO46343,29522.71
SO46342,20004.3
SO46341,25670.37
SO46340,3887.94
SO46339,3014.66
SO46338,19044.62
SO46337,955.2
SO46336,419.46
SO46335,356.9
SO46334,57018.54
SO46333,50154.29
SO46332,8561.73
SO46331,5664.52
SO46330,17283.57
SO46329,722.59
SO46328,722.59
SO46327,17270.93
SO46326,29220.83
SO46325,48748.84
SO46324,4310.75
SO46323,3428.5
SO46322,178.58
SO46107,45725.45
SO46106,2907.46
SO46105,56396.56
SO46104,419.46
SO46103,65730.36
SO46102,10279.33
SO46101,28097.08
SO46100,47655.06
SO46099,14404.42
SO46098,51340.97
SO46097,3256.64
SO46096,838.92
SO46095,9550.97
SO46094,74719.66
SO46093,26009.31
SO46092,722.59
SO46091,22130.12
SO46090,94303.73
SO46089,73568.21
SO46088,22497.21
SO46087,24144.98
SO46086,50794.21
SO46085,3882.75
SO46084,1713.71
SO46083,12363.66
SO46082,46519.08
SO46081,838.92
SO46080,14248.77
SO46079,6086.37
SO46078,1532.35
SO46077,37779.33
SO46076,62344.01
SO46075,838.92
SO46074,18206.62
SO46073,714.7
SO46072,65160.66
SO46071,20788.92
SO46070,758.08
SO46069,8232.22
SO46068,23312.96
SO46067,101857.11
SO46066,100378.71
SO46065,12164.94
SO46064,22124.54
SO46063,874.79
SO46062,39274.27
SO46061,14189.93
SO46060,45492.43
SO46059,29446.72
SO46058,30181.74
SO46057,62359.95
SO46056,94326.84
SO46055,30885.11
SO46054,8543.06
SO46053,52874.45
SO46052,24582.69
SO46051,33074.26
SO46050,2325.54
SO46049,55740.76
SO46048,33952.12
SO46047,46396.66
SO46046,874.79
SO46045,48909.61
SO46044,29597.97
SO46043,19030.73
SO46042,26119.05
SO46041,3471.83
SO46040,419.46
SO46039,24424.08
SO46038,21702.08
SO46037,1017.5
SO46036,30512.42
SO46035,12240.54
SO46034,29936.36
SO46033,4716.15
SO46032,30998.04
SO46031,2175.8
SO46030,8164.16
SO46029,3016.5
SO46028,26270.6
SO46027,3456.26
SO46026,27802.91
SO46025,2646.18
SO46024,14280.53
SO46023,6074.97
SO45815,32222.04
SO45814,33406.63
SO45813,32245.85
SO45812,6858.19
SO45811,3456.26
SO45810,31457.43
SO45809,24087.52
SO45808,4266.34
SO45807,3524.04
SO45806,2923.32
SO45805,24604.66
SO45804,40814.76
SO45803,9891.31
SO45802,22648.04
SO45801,53423.46
SO45800,9867.99
SO45799,27579.33
SO45798,29494.05
SO45797,29308.05
SO45796,59103.18
SO45795,35123.38
SO45794,11295.73
SO45793,26685
SO45792,31578.75
SO45791,3391.55
SO45790,2882.72
SO45789,3064.7
SO45788,2169.04
SO45787,10226.95
SO45786,68985.52
SO45785,40766.04
SO45784,3762.24
SO45783,26018.24
SO45782,40710.04
SO45781,45943.76
SO45780,31193.28
SO45779,18031.59
SO45579,4079.98
SO45578,3882.75
SO45577,58704.14
SO45576,8219.94
SO45575,29325.85
SO45574,28078.51
SO45573,8158.46
SO45572,10701.72
SO45571,78882.79
SO45570,32429.84
SO45569,2133.17
SO45568,15251.82
SO45567,874.79
SO45566,874.79
SO45565,34558.11
SO45564,62717.59
SO45563,4279.93
SO45562,3463.29
SO45561,25464.57
SO45560,56967.04
SO45559,1258.38
SO45558,6104.97
SO45557,32554.91
SO45556,22822.82
SO45555,65725.81
SO45554,25517.39
SO45553,69241.8
SO45552,11136.77
SO45551,7274.3
SO45550,54979.91
SO45549,50762.71
SO45548,7657.89
SO45547,40766.8
SO45546,12206.34
SO45545,8965.93
SO45544,3391.55
SO45543,735.76
SO45542,56400.88
SO45541,69.22
SO45540,42756.09
SO45539,28469.86
SO45538,21847.38
SO45537,4049.98
SO45536,21442.97
SO45535,11256.85
SO45534,37591.98
SO45533,1258.38
SO45532,6691.85
SO45531,4266.34
SO45530,20.19
SO45529,97078.15
SO45528,2146.96
SO45527,54458.87
SO45526,6101.37
SO45525,7274.3
SO45524,36045.87
SO45523,1429.4
SO45522,28786.22
SO45521,19227.01
SO45520,31628.61
SO45519,4064.98
SO45518,12179.94
SO45517,9421.26
SO45516,19162.24
SO45344,58114.54
SO45343,20979.32
SO45342,63037.49
SO45341,34740.22
SO45340,2552.63
SO45339,27763.77
SO45338,57142.87
SO45337,17669
SO45336,27311.56
SO45335,14048.08
SO45334,51137.32
SO45333,4223.19
SO45332,27877.4
SO45331,20148.67
SO45330,69.08
SO45329,61800.89
SO45328,63241.84
SO45327,12176.34
SO45326,22730.77
SO45325,2588.5
SO45324,838.92
SO45323,38694.97
SO45322,13637.94
SO45321,61194.03
SO45320,10192.75
SO45319,14234.93
SO45318,29962.75
SO45317,61206.46
SO45316,2024.99
SO45315,51062.28
SO45314,15022.53
SO45313,16789.1
SO45312,2345.73
SO45311,18296.31
SO45310,14219.93
SO45309,11924.19
SO45308,85994.75
SO45307,28547.05
SO45306,6112.41
SO45305,22912.8
SO45304,20324.9
SO45303,20405.64
SO45302,22217.49
SO45301,26592.12
SO45300,89704.12
SO45299,20432.45
SO45298,15825.96
SO45297,6435.38
SO45296,24242.85
SO45295,16297.72
SO45294,34284.24
SO45293,1677.84
SO45292,28.84
SO45291,54553.79
SO45290,33469.83
SO45289,39750.03
SO45288,29754.24
SO45287,419.46
SO45286,3846.88
SO45285,14919.29
SO45284,30015.76
SO45283,28395.19
SO45282,8156.36
SO45281,1713.71
SO45280,12755.87
SO45279,1022.86
SO45278,29200.49
SO45277,29534.94
SO45276,6089.97
SO45275,7166.69
SO45274,66993.7
SO45273,40634.8
SO45272,3775.14
SO45271,5980.05
SO45270,28770.59
SO45269,2024.99
SO45268,838.92
SO45267,3463.29
SO45266,24509.77
SO45077,18869.42
SO45076,8163.99
SO45075,12231.24
SO45074,24030.64
SO45073,419.46
SO45072,2097.3
SO45071,5980.05
SO45070,28091.4
SO45069,24552.09
SO45068,2133.17
SO45067,3091.87
SO45066,419.46
SO45065,24025.02
SO45064,53033.09
SO45063,11121.18
SO45062,15842.63
SO45061,73261.01
SO45060,23946.5
SO45059,31282.47
SO45058,5488.85
SO45057,22233.06
SO45056,38655.41
SO45055,19742.78
SO45054,13254.35
SO45053,19314.99
SO45052,28409.86
SO45051,3007.96
SO45050,4294.93
SO45049,1379.54
SO45048,6127.77
SO45047,39661.44
SO45046,838.92
SO45045,14261.33
SO45044,5056.75
SO45043,32576.67
SO45042,40648.3
SO45041,419.46
SO45040,419.46
SO45039,27722.11
SO45038,27123.61
SO44802,4811.54
SO44801,48156.17
SO44800,17107.46
SO44799,40706.65
SO44798,33438.72
SO44797,59951.35
SO44796,13673.81
SO44795,104588.57
SO44794,4049.98
SO44793,2133.17
SO44792,34754.81
SO44791,14494.42
SO44790,838.92
SO44789,776.36
SO44788,86795.96
SO44787,46173.64
SO44786,2342.11
SO44785,144.2
SO44784,2604.07
SO44783,29614.19
SO44782,29226.24
SO44781,424.65
SO44780,25632
SO44779,32572.64
SO44778,42894.27
SO44777,99501.86
SO44776,47370.7
SO44775,2203.07
SO44774,12456.61
SO44773,20847.98
SO44772,67369.2
SO44771,69681.68
SO44770,10382.84
SO44769,183.94
SO44768,21596.3
SO44767,30609.67
SO44766,4102.78
SO44765,5821.13
SO44764,2133.17
SO44763,3356.18
SO44762,92836.48
SO44761,82101.8
SO44760,5202.64
SO44759,6135.91
SO44758,25618.72
SO44757,37591.57
SO44756,14008.64
SO44755,28416.42
SO44754,10830.17
SO44753,2292.52
SO44752,12962.47
SO44751,477.88
SO44750,88977.23
SO44749,45851.79
SO44748,874.79
SO44747,10393.22
SO44746,14290.17
SO44745,26171.91
SO44744,29751.28
SO44743,42254.49
SO44742,40150.87
SO44741,4079.98
SO44740,6641.13
SO44570,58494.8
SO44569,30635.47
SO44568,2254.94
SO44567,46957.76
SO44566,38308.8
SO44565,2162.01
SO44564,34537.23
SO44563,47716.9
SO44562,19237.29
SO44561,42033.72
SO44560,936.66
SO44559,17451.43
SO44558,838.92
SO44557,28122.97
SO44556,30593.86
SO44555,30095.15
SO44554,722.59
SO44553,6074.97
SO44552,97915.2
SO44551,41097.57
SO44550,28672.97
SO44549,49037.75
SO44548,419.46
SO44547,69178.06
SO44546,1749.58
SO44545,9855.77
SO44544,20980.14
SO44543,367.88
SO44542,16259.84
SO44541,50827.04
SO44540,38638.7
SO44539,1450.88
SO44538,57804.97
SO44537,57.68
SO44536,722.59
SO44535,23590.84
SO44534,86452.09
SO44533,19499.82
SO44532,2146.96
SO44531,22817.59
SO44530,104959.79
SO44529,419.46
SO44528,108783.37
SO44527,6127.77
SO44526,16506.1
SO44525,41473.93
SO44524,4082.08
SO44523,74395.61
SO44522,26149.23
SO44521,26112.23
SO44520,57700.29
SO44519,2146.96
SO44518,127099.79
SO44517,24901.86
SO44516,419.46
SO44515,5492.2
SO44514,42563.59
SO44513,43520.08
SO44512,1677.84
SO44511,10160.14
SO44510,1749.58
SO44509,43615.49
SO44508,4194.6
SO44507,39244.22
SO44506,35651.1
SO44505,34977.99
SO44504,19985.82
SO44503,3028.72
SO44502,17871.44
SO44501,19669.41
SO44500,4710.96
SO44499,12170.64
SO44498,15432.47
SO44497,1195.82
SO44496,29797.13
SO44495,4076.38
SO44494,28557.88
SO44493,6476.11
SO44492,67458.84
SO44491,3427.42
SO44490,3389.71
SO44489,10292.93
SO44488,32857.4
SO44487,41868.83
SO44486,603.4
SO44485,4049.98
SO44484,8184.86
SO44483,3018.34
SO44482,419.46
SO44481,26367.35
SO44319,34250.31
SO44318,21091.94
SO44317,33919.18
SO44316,3785.52
SO44315,2597.04
SO44314,42088.82
SO44313,26037.01
SO44312,2097.3
SO44311,7349.96
SO44310,183.94
SO44309,27612.41
SO44308,12372.77
SO44307,7758.14
SO44306,18648.7
SO44305,18881.96
SO44304,37499.47
SO44303,5.7
SO44302,2146.96
SO44301,29479.38
SO44300,7802.88
SO44299,31624.75
SO44298,27666.45
SO44297,10231.46
SO44296,32383.13
SO44295,9475.53
SO44294,62073.54
SO44293,23983.73
SO44292,3432.61
SO44291,4509.88
SO44290,3846.88
SO44289,4082.08
SO44288,43803.21
SO44287,16292.02
SO44286,5538.51
SO44285,57740.93
SO44284,87873.83
SO44283,43846.6
SO44282,40341.04
SO44281,419.46
SO44280,57.68
SO44133,25686.51
SO44132,4049.98
SO44131,20514.27
SO44130,35410.92
SO44129,55699.78
SO44128,18542.17
SO44127,91014.6
SO44126,14263.43
SO44125,2604.07
SO44124,15439.07
SO44123,874.79
SO44122,4064.98
SO44121,64713.82
SO44120,26967.08
SO44119,49096.05
SO44118,3427.42
SO44117,12907.76
SO44116,20351.3
SO44115,66848.27
SO44114,33478.92
SO44113,40510.23
SO44112,32444.84
SO44111,11641.34
SO44110,16667.35
SO44109,13837.1
SO44108,2169.04
SO44107,16185.44
SO44106,419.46
SO44105,6101.37
SO44104,4079.98
SO44103,3814.36
SO44102,3513.94
SO44101,9794.64
SO44100,81594.75
SO44099,12499.43
SO44098,16374.98
SO44097,6035.86
SO44096,8129.96
SO44095,42340.98
SO44094,4079.98
SO44093,10680.75
SO44092,4075.05
SO44091,4492.73
SO44090,6654.72
SO44089,2097.3
SO44088,419.46
SO44087,5007.72
SO44086,73761.44
SO44085,20644.27
SO44084,8129.96
SO44083,1362.31
SO44082,2039.99
SO44081,37536.93
SO44080,11.4
SO44079,25706.54
SO44078,28045.27
SO44077,6105.33
SO44076,4079.98
SO44075,26446.97
SO44074,844.11
SO43917,21356.15
SO43916,39450.74
SO43915,4049.98
SO43914,8152.76
SO43913,36724.06
SO43912,13078.28
SO43911,19734.89
SO43910,19411.93
SO43909,25493.26
SO43908,2561.54
SO43907,14660.34
SO43906,32983.64
SO43905,9880.27
SO43904,11361.27
SO43903,20.19
SO43902,52803.34
SO43901,22717.57
SO43900,34628.23
SO43899,11942.58
SO43898,51060.59
SO43897,51234.96
SO43896,4345.83
SO43895,32459.9
SO43894,32492.54
SO43893,419.46
SO43892,16544.56
SO43891,32569.04
SO43890,75191.8
SO43889,2082.67
SO43888,14432.8
SO43887,419.46
SO43886,17358.03
SO43885,68.4
SO43884,116248.31
SO43883,18320.69
SO43882,2024.99
SO43881,38822.32
SO43880,15479.54
SO43879,21720.07
SO43878,4079.98
SO43877,20628.55
SO43876,7135.27
SO43875,122743.91
SO43874,419.46
SO43873,41250.48
SO43872,11584.47
SO43871,9398.93
SO43870,4316.99
SO43869,49193.88
SO43868,2146.96
SO43867,32672.99
SO43866,4076.38
SO43865,13196.07
SO43864,38474.28
SO43863,1718.9
SO43862,31000.71
SO43861,23401.17
SO43860,10993.39
SO43859,3911.59
SO43858,13694.35
SO43857,7186.55
SO43856,2036.39
SO43855,10993.37
SO43854,1749.58
SO43853,26354.87
SO43852,2024.99
SO43851,6783.79
SO43850,10183.79
SO43849,20544.67
SO43848,18269.91
SO43847,908.82
SO43846,919.53
SO43845,8580.09
SO43844,20249.9
SO43843,32940.08
SO43696,419.46
SO43695,39373.69
SO43694,20645.62
SO43693,20541.38
SO43692,38510.9
SO43691,874.79
SO43690,1297.6
SO43689,33997.39
SO43688,12718.08
SO43687,1258.38
SO43686,3463.29
SO43685,2736.57
SO43684,5596.46
SO43683,42813.38
SO43682,3875.72
SO43681,13787.57
SO43680,11397.53
SO43679,1316.06
SO43678,9799.96
SO43677,7793.14
SO43676,14203.43
SO43675,5716.33
SO43674,2624.37
SO43673,3746.23
SO43672,6124.17
SO43671,8128.79
SO43670,6122.07
SO43669,714.7
SO43668,35944.19
SO43667,6107.07
SO43666,5056.49
SO43665,14352.76
SO43664,24432.56
SO43663,419.46
SO43662,28832.52
SO43661,32726.44
SO43660,1294.25
SO43659,20565.6